fact_id,city_id,neighborhood_id,property_type_id,source_id,time_id,source_record_id,load_timestamp,price_eur,area_m2,bedrooms,bathrooms,price_per_m2
1,1,1,1,1,1,Idealista_PROP_317679,2026-05-21 18:14:32.255360,1300392.0,160.0,5,2,8127.45
2,1,2,1,1,2,Idealista_PROP_842715,2026-05-21 18:14:32.255360,3270556.4,240.09,1,1,13622.21
3,1,3,2,1,3,Idealista_PROP_452638,2026-05-21 18:14:32.255360,5205394.5,736.11,4,4,7071.49
4,1,4,3,1,4,Idealista_PROP_445975,2026-05-21 18:14:32.255360,965730.27,119.76,4,3,8063.88
5,1,1,2,1,5,Idealista_PROP_336708,2026-05-21 18:14:32.255360,8299545.89,514.75,2,4,16123.45
6,1,5,1,1,6,Idealista_PROP_917276,2026-05-21 18:14:32.255360,12572541.21,704.84,1,6,17837.44
7,1,4,2,1,7,Idealista_PROP_494570,2026-05-21 18:14:32.255360,4965932.97,345.53,6,2,14371.93
8,1,3,3,1,8,Idealista_PROP_593988,2026-05-21 18:14:32.255360,6551724.13,366.33,4,2,17884.76
9,1,4,1,1,9,Idealista_PROP_636320,2026-05-21 18:14:32.255360,2975306.95,385.0,4,1,7728.07
10,1,4,3,1,10,Idealista_PROP_912962,2026-05-21 18:14:32.255360,1390246.92,162.87,8,4,8535.93
11,1,3,2,1,11,Idealista_PROP_81736,2026-05-21 18:14:32.255360,7649885.21,897.7,7,3,8521.65
12,1,1,3,1,12,Idealista_PROP_861449,2026-05-21 18:14:32.255360,6210528.4,552.91,3,6,11232.44
13,1,3,1,1,13,Idealista_PROP_676477,2026-05-21 18:14:32.255360,7529985.51,700.99,2,6,10741.93
14,1,4,4,1,14,Idealista_PROP_132248,2026-05-21 18:14:32.255360,8109601.2,788.65,3,5,10282.89
15,1,4,3,1,4,Idealista_PROP_567284,2026-05-21 18:14:32.255360,3787694.51,460.2,1,5,8230.54
16,1,4,3,1,15,Idealista_PROP_126571,2026-05-21 18:14:32.255360,1403234.99,113.66,1,2,12345.9
17,1,5,3,1,16,Idealista_PROP_936533,2026-05-21 18:14:32.255360,4447101.84,267.95,8,5,16596.76
18,1,5,5,1,17,Idealista_PROP_205865,2026-05-21 18:14:32.255360,5290199.14,416.77,7,6,12693.33
19,1,1,4,1,18,Idealista_PROP_998032,2026-05-21 18:14:32.255360,682829.03,46.18,4,5,14786.25
20,1,4,1,1,19,Idealista_PROP_944976,2026-05-21 18:14:32.255360,1896045.62,224.24,4,3,8455.43
21,1,5,2,1,20,Idealista_PROP_292911,2026-05-21 18:14:32.255360,1448438.84,123.36,7,2,11741.56
22,1,1,1,1,21,Idealista_PROP_875938,2026-05-21 18:14:32.255360,5975209.88,728.51,1,4,8201.96
23,1,2,3,1,22,Idealista_PROP_409008,2026-05-21 18:14:32.255360,6201219.91,792.06,5,4,7829.23
24,1,1,4,1,23,Idealista_PROP_670881,2026-05-21 18:14:32.255360,2258965.41,183.03,1,1,12342.05
25,1,5,2,1,24,Idealista_PROP_14049,2026-05-21 18:14:32.255360,13084712.62,836.81,1,4,15636.42
26,1,3,2,1,25,Idealista_PROP_361355,2026-05-21 18:14:32.255360,1736715.17,227.22,3,2,7643.32
27,1,1,1,1,26,Idealista_PROP_541733,2026-05-21 18:14:32.255360,1119156.9,88.92,8,5,12586.11
28,1,5,2,1,27,Idealista_PROP_443665,2026-05-21 18:14:32.255360,4000225.25,537.87,2,5,7437.16
29,1,3,5,1,28,Idealista_PROP_926496,2026-05-21 18:14:32.255360,2784707.28,245.27,5,2,11353.64
30,1,1,1,1,29,Idealista_PROP_71720,2026-05-21 18:14:32.255360,962504.1,103.0,8,5,9344.7
31,1,1,3,1,4,Idealista_PROP_741564,2026-05-21 18:14:32.255360,5408665.74,416.84,6,3,12975.4
32,1,3,1,1,30,Idealista_PROP_233307,2026-05-21 18:14:32.255360,7184257.46,847.48,5,6,8477.2
33,1,5,5,1,31,Idealista_PROP_642594,2026-05-21 18:14:32.255360,6071783.43,657.15,5,5,9239.57
34,1,4,1,1,32,Idealista_PROP_337164,2026-05-21 18:14:32.255360,5637963.74,753.24,2,6,7484.95
35,1,4,3,1,33,Idealista_PROP_551168,2026-05-21 18:14:32.255360,4299506.05,522.38,8,5,8230.61
36,1,3,1,1,34,Idealista_PROP_465091,2026-05-21 18:14:32.255360,3055814.35,409.62,6,5,7460.12
37,1,1,5,1,35,Idealista_PROP_738287,2026-05-21 18:14:32.255360,6681950.64,613.56,4,6,10890.46
38,1,3,3,1,36,Idealista_PROP_101203,2026-05-21 18:14:32.255360,5803720.15,798.02,4,2,7272.65
39,1,2,3,1,37,Idealista_PROP_429679,2026-05-21 18:14:32.255360,2740108.67,368.99,5,2,7425.97
40,1,2,5,1,38,Idealista_PROP_966087,2026-05-21 18:14:32.255360,550659.35,60.35,5,2,9124.43
41,1,4,5,1,39,Idealista_PROP_525855,2026-05-21 18:14:32.255360,7009758.6,847.74,7,6,8268.76
42,1,4,1,1,40,Idealista_PROP_716980,2026-05-21 18:14:32.255360,5278827.98,337.29,2,5,15650.71
43,1,2,4,1,41,Idealista_PROP_548950,2026-05-21 18:14:32.255360,4559001.82,649.56,4,3,7018.6
44,1,5,5,1,42,Idealista_PROP_338393,2026-05-21 18:14:32.255360,8233935.01,575.91,7,1,14297.26
45,1,4,2,1,43,Idealista_PROP_530056,2026-05-21 18:14:32.255360,4708080.93,516.79,6,4,9110.24
46,1,5,4,1,44,Idealista_PROP_393945,2026-05-21 18:14:32.255360,2805987.97,301.33,5,4,9312.01
47,1,2,2,1,45,Idealista_PROP_737631,2026-05-21 18:14:32.255360,7544788.07,479.61,8,6,15731.09
48,1,1,5,1,46,Idealista_PROP_979848,2026-05-21 18:14:32.255360,5858791.53,618.6,6,1,9471.05
49,1,2,4,1,47,Idealista_PROP_102737,2026-05-21 18:14:32.255360,10693635.35,802.08,2,4,13332.38
50,1,5,3,1,48,Idealista_PROP_923073,2026-05-21 18:14:32.255360,3615876.92,228.2,1,1,15845.21
51,1,5,1,1,49,Idealista_PROP_4140,2026-05-21 18:14:32.255360,10972371.5,614.12,8,2,17866.82
52,1,2,4,1,50,Idealista_PROP_838424,2026-05-21 18:14:32.255360,12320258.44,811.6,7,5,15180.21
53,1,4,4,1,51,Idealista_PROP_176903,2026-05-21 18:14:32.255360,2168418.17,276.15,8,6,7852.32
54,1,3,1,1,52,Idealista_PROP_271139,2026-05-21 18:14:32.255360,3206796.49,369.41,3,2,8680.86
55,1,3,2,1,53,Idealista_PROP_323430,2026-05-21 18:14:32.255360,8534157.87,756.29,7,1,11284.24
56,1,3,2,1,54,Idealista_PROP_642714,2026-05-21 18:14:32.255360,3350940.38,296.81,8,1,11289.85
57,1,3,4,1,55,Idealista_PROP_230711,2026-05-21 18:14:32.255360,3390610.72,274.72,4,4,12342.06
58,1,2,3,1,56,Idealista_PROP_83321,2026-05-21 18:14:32.255360,11078331.97,819.96,8,2,13510.82
59,1,5,2,1,6,Idealista_PROP_603027,2026-05-21 18:14:32.255360,3414423.01,366.03,3,1,9328.26
60,1,4,2,1,57,Idealista_PROP_921074,2026-05-21 18:14:32.255360,732947.68,56.67,5,1,12933.61
61,1,1,1,1,58,Idealista_PROP_650206,2026-05-21 18:14:32.255360,10538436.76,761.74,1,2,13834.69
62,1,3,3,1,58,Idealista_PROP_779390,2026-05-21 18:14:32.255360,6187818.53,699.53,8,6,8845.68
63,1,5,5,1,59,Idealista_PROP_477217,2026-05-21 18:14:32.255360,11184891.24,838.84,2,5,13333.76
64,1,5,1,1,60,Idealista_PROP_265874,2026-05-21 18:14:32.255360,10492493.76,771.25,4,1,13604.53
65,1,1,5,1,31,Idealista_PROP_857106,2026-05-21 18:14:32.255360,1402411.91,99.3,7,6,14122.98
66,1,1,2,1,61,Idealista_PROP_865637,2026-05-21 18:14:32.255360,7643572.48,648.29,6,6,11790.36
67,1,3,4,1,62,Idealista_PROP_494862,2026-05-21 18:14:32.255360,10139672.24,750.13,8,4,13517.22
68,1,1,5,1,63,Idealista_PROP_775973,2026-05-21 18:14:32.255360,7606541.6,530.07,8,2,14350.07
69,1,5,2,1,64,Idealista_PROP_808706,2026-05-21 18:14:32.255360,5550440.27,332.69,4,3,16683.52
70,1,3,3,1,65,Idealista_PROP_302772,2026-05-21 18:14:32.255360,7059073.77,460.18,2,2,15339.81
71,1,2,1,1,30,Idealista_PROP_238819,2026-05-21 18:14:32.255360,3752298.88,387.78,2,3,9676.36
72,1,3,5,1,66,Idealista_PROP_126278,2026-05-21 18:14:32.255360,4107705.47,342.56,7,6,11991.2
73,1,5,5,1,67,Idealista_PROP_809836,2026-05-21 18:14:32.255360,3096469.59,204.73,2,6,15124.65
74,1,3,4,1,68,Idealista_PROP_742548,2026-05-21 18:14:32.255360,3233535.52,294.77,5,1,10969.69
75,1,4,1,1,69,Idealista_PROP_550346,2026-05-21 18:14:32.255360,5367159.2,639.78,1,5,8389.07
76,1,1,4,1,70,Idealista_PROP_959527,2026-05-21 18:14:32.255360,3780926.4,418.8,5,4,9028.0
77,1,1,1,1,71,Idealista_PROP_142209,2026-05-21 18:14:32.255360,7802806.79,536.24,7,4,14550.96
78,1,4,1,1,72,Idealista_PROP_262239,2026-05-21 18:14:32.255360,8813412.35,561.43,4,1,15698.15
79,1,2,5,1,73,Idealista_PROP_55915,2026-05-21 18:14:32.255360,8543752.19,564.28,7,3,15140.98
80,1,4,1,1,74,Idealista_PROP_565040,2026-05-21 18:14:32.255360,4489228.56,514.71,3,2,8721.86
81,1,4,1,1,75,Idealista_PROP_136379,2026-05-21 18:14:32.255360,7731191.73,644.57,4,3,11994.34
82,1,3,3,1,76,Idealista_PROP_170709,2026-05-21 18:14:32.255360,10144030.63,596.97,7,1,16992.53
83,1,4,4,1,16,Idealista_PROP_554854,2026-05-21 18:14:32.255360,4583662.6,443.08,5,4,10345.0
84,1,2,2,1,77,Idealista_PROP_553212,2026-05-21 18:14:32.255360,12137787.36,804.9,2,5,15079.87
85,1,3,4,1,78,Idealista_PROP_192048,2026-05-21 18:14:32.255360,8244671.69,535.57,1,6,15394.2
86,1,4,3,1,79,Idealista_PROP_11546,2026-05-21 18:14:32.255360,10629252.37,873.39,7,6,12170.11
87,1,5,5,1,80,Idealista_PROP_332438,2026-05-21 18:14:32.255360,5008111.81,287.87,7,6,17397.13
88,1,1,5,1,81,Idealista_PROP_531427,2026-05-21 18:14:32.255360,10007863.35,874.36,5,3,11445.93
89,1,3,2,1,82,Idealista_PROP_621872,2026-05-21 18:14:32.255360,6728660.56,485.86,7,1,13848.97
90,1,5,5,1,83,Idealista_PROP_588601,2026-05-21 18:14:32.255360,9835004.38,797.53,3,3,12331.83
91,1,5,3,1,84,Idealista_PROP_962257,2026-05-21 18:14:32.255360,4132547.98,514.94,5,5,8025.3
92,1,1,3,1,85,Idealista_PROP_945473,2026-05-21 18:14:32.255360,4779963.42,477.63,8,6,10007.67
93,1,2,4,1,86,Idealista_PROP_317396,2026-05-21 18:14:32.255360,10485619.23,832.81,3,4,12590.65
94,1,2,5,1,87,Idealista_PROP_737182,2026-05-21 18:14:32.255360,10771412.26,664.4,5,1,16212.24
95,1,5,2,1,88,Idealista_PROP_65051,2026-05-21 18:14:32.255360,6678988.74,514.65,8,3,12977.73
96,1,5,4,1,89,Idealista_PROP_256116,2026-05-21 18:14:32.255360,1177969.07,77.54,7,2,15191.76
97,1,5,2,1,90,Idealista_PROP_112910,2026-05-21 18:14:32.255360,13092481.95,787.94,1,2,16616.09
98,1,1,3,1,91,Idealista_PROP_48335,2026-05-21 18:14:32.255360,1627523.99,104.35,7,6,15596.78
99,1,1,5,1,92,Idealista_PROP_120428,2026-05-21 18:14:32.255360,5843811.82,790.25,7,3,7394.89
100,1,4,3,1,93,Idealista_PROP_383027,2026-05-21 18:14:32.255360,10230323.78,693.92,2,4,14742.8
101,1,1,1,1,94,Idealista_PROP_722639,2026-05-21 18:14:32.255360,4087953.91,348.28,6,1,11737.55
102,1,5,3,1,84,Idealista_PROP_475029,2026-05-21 18:14:32.255360,5528469.03,572.95,3,1,9649.13
103,1,4,2,1,95,Idealista_PROP_82303,2026-05-21 18:14:32.255360,9852490.34,813.06,5,6,12117.79
104,1,2,5,1,96,Idealista_PROP_483595,2026-05-21 18:14:32.255360,7620002.15,633.67,5,6,12025.19
105,1,2,1,1,45,Idealista_PROP_948390,2026-05-21 18:14:32.255360,9575164.41,534.34,4,4,17919.61
106,1,2,5,1,97,Idealista_PROP_387329,2026-05-21 18:14:32.255360,12509016.07,823.13,1,5,15196.89
107,1,5,4,1,98,Idealista_PROP_29937,2026-05-21 18:14:32.255360,8296971.68,573.97,6,2,14455.41
108,1,5,1,1,99,Idealista_PROP_436859,2026-05-21 18:14:32.255360,756515.25,68.69,1,3,11013.47
109,1,2,3,1,100,Idealista_PROP_942770,2026-05-21 18:14:32.255360,8465022.19,496.53,4,2,17048.36
110,1,2,5,1,101,Idealista_PROP_986151,2026-05-21 18:14:32.255360,7420719.79,868.09,6,1,8548.33
111,1,2,4,1,102,Idealista_PROP_761607,2026-05-21 18:14:32.255360,670532.53,51.97,6,1,12902.3
112,1,4,4,1,103,Idealista_PROP_68503,2026-05-21 18:14:32.255360,1274804.29,133.18,7,6,9572.04
113,1,4,4,1,40,Idealista_PROP_277069,2026-05-21 18:14:32.255360,7100114.96,586.45,4,6,12106.94
114,1,5,1,1,104,Idealista_PROP_519709,2026-05-21 18:14:32.255360,1340250.41,139.86,1,3,9582.8
115,1,3,2,1,105,Idealista_PROP_851123,2026-05-21 18:14:32.255360,10425257.25,756.98,3,4,13772.17
116,1,4,3,1,106,Idealista_PROP_513779,2026-05-21 18:14:32.255360,6277581.6,775.69,8,4,8092.9
117,1,4,1,1,73,Idealista_PROP_107331,2026-05-21 18:14:32.255360,15000000.0,872.66,7,3,17188.82
118,1,3,1,1,30,Idealista_PROP_172326,2026-05-21 18:14:32.255360,13940622.54,890.39,1,3,15656.76
119,1,5,4,1,107,Idealista_PROP_707046,2026-05-21 18:14:32.255360,11065979.48,705.96,4,2,15675.08
120,1,5,3,1,108,Idealista_PROP_468592,2026-05-21 18:14:32.255360,4432131.27,608.51,5,2,7283.58
121,1,3,5,1,109,Idealista_PROP_321618,2026-05-21 18:14:32.255360,1289416.03,85.06,1,2,15158.9
122,1,2,5,1,110,Idealista_PROP_926914,2026-05-21 18:14:32.255360,6378346.68,853.06,2,4,7477.02
123,1,4,2,1,111,Idealista_PROP_992529,2026-05-21 18:14:32.255360,8985108.21,768.68,1,1,11689.01
124,1,1,1,1,63,Idealista_PROP_784920,2026-05-21 18:14:32.255360,967329.62,96.49,6,5,10025.18
125,1,2,4,1,112,Idealista_PROP_703076,2026-05-21 18:14:32.255360,1844214.93,125.29,5,4,14719.57
126,1,3,3,1,25,Idealista_PROP_427445,2026-05-21 18:14:32.255360,6374305.37,395.88,7,4,16101.61
127,1,2,5,1,113,Idealista_PROP_897314,2026-05-21 18:14:32.255360,7704863.86,630.67,5,3,12216.95
128,1,1,5,1,114,Idealista_PROP_52503,2026-05-21 18:14:32.255360,7173276.68,544.36,3,5,13177.45
129,1,2,1,1,115,Idealista_PROP_834377,2026-05-21 18:14:32.255360,4573738.18,342.42,5,5,13357.1
130,1,1,5,1,116,Idealista_PROP_247514,2026-05-21 18:14:32.255360,8475333.51,533.73,6,1,15879.44
131,1,3,4,1,117,Idealista_PROP_233022,2026-05-21 18:14:32.255360,649387.45,64.9,1,5,10005.97
132,1,1,3,1,118,Idealista_PROP_80391,2026-05-21 18:14:32.255360,1512641.89,99.84,3,5,15150.66
133,1,5,2,1,119,Idealista_PROP_899368,2026-05-21 18:14:32.255360,1828760.11,175.37,7,4,10428.01
134,1,1,1,1,78,Idealista_PROP_270720,2026-05-21 18:14:32.255360,6191843.28,619.61,3,2,9993.13
135,1,2,5,1,120,Idealista_PROP_251953,2026-05-21 18:14:32.255360,2768836.26,336.85,4,5,8219.79
136,1,4,1,1,121,Idealista_PROP_323749,2026-05-21 18:14:32.255360,500000.0,46.61,4,4,10727.31
137,1,4,5,1,122,Idealista_PROP_744199,2026-05-21 18:14:32.255360,6095901.52,682.43,2,1,8932.64
138,1,3,5,1,56,Idealista_PROP_373973,2026-05-21 18:14:32.255360,5005588.09,415.15,2,4,12057.3
139,1,3,2,1,123,Idealista_PROP_961315,2026-05-21 18:14:32.255360,6845558.91,388.33,7,3,17628.2
140,1,4,1,1,124,Idealista_PROP_331189,2026-05-21 18:14:32.255360,4729404.67,414.68,7,1,11404.95
141,1,4,3,1,125,Idealista_PROP_610330,2026-05-21 18:14:32.255360,3953970.0,479.02,6,2,8254.29
142,1,4,3,1,126,Idealista_PROP_13200,2026-05-21 18:14:32.255360,2317365.5,260.13,4,1,8908.49
143,1,5,2,1,127,Idealista_PROP_423539,2026-05-21 18:14:32.255360,10451942.2,625.77,8,5,16702.53
144,1,4,3,1,42,Idealista_PROP_980067,2026-05-21 18:14:32.255360,4342127.71,420.3,8,1,10331.02
145,1,1,5,1,128,Idealista_PROP_111011,2026-05-21 18:14:32.255360,1436100.33,88.93,8,4,16148.66
146,1,1,4,1,109,Idealista_PROP_200679,2026-05-21 18:14:32.255360,6789048.62,426.77,7,4,15907.98
147,1,3,3,1,129,Idealista_PROP_830889,2026-05-21 18:14:32.255360,11954588.34,737.43,1,4,16211.15
148,1,5,1,1,130,Idealista_PROP_744891,2026-05-21 18:14:32.255360,11389348.19,892.25,4,6,12764.75
149,1,4,2,1,131,Idealista_PROP_928582,2026-05-21 18:14:32.255360,10148867.55,718.74,7,3,14120.36
150,1,2,5,1,38,Idealista_PROP_431645,2026-05-21 18:14:32.255360,4380955.37,326.69,5,6,13410.13
151,1,2,3,1,132,Idealista_PROP_633009,2026-05-21 18:14:32.255360,6297896.62,593.4,2,3,10613.24
152,1,3,1,1,15,Idealista_PROP_826937,2026-05-21 18:14:32.255360,578934.47,55.68,7,5,10397.53
153,1,2,3,1,133,Idealista_PROP_992392,2026-05-21 18:14:32.255360,1732467.2,106.36,4,2,16288.71
154,1,3,1,1,134,Idealista_PROP_235887,2026-05-21 18:14:32.255360,4814798.31,553.63,6,5,8696.78
155,1,5,2,1,43,Idealista_PROP_72491,2026-05-21 18:14:32.255360,5976008.03,621.67,1,4,9612.83
156,1,2,3,1,135,Idealista_PROP_648102,2026-05-21 18:14:32.255360,7466461.42,817.42,4,3,9134.18
157,1,2,5,1,12,Idealista_PROP_752063,2026-05-21 18:14:32.255360,13923471.94,870.99,7,5,15985.8
158,1,1,2,1,136,Idealista_PROP_317964,2026-05-21 18:14:32.255360,8261565.0,651.8,6,5,12675.0
159,1,4,2,1,137,Idealista_PROP_580596,2026-05-21 18:14:32.255360,8063071.29,853.92,3,4,9442.42
160,1,2,1,1,36,Idealista_PROP_639702,2026-05-21 18:14:32.255360,4355240.39,242.77,7,5,17939.78
161,1,1,5,1,138,Idealista_PROP_313603,2026-05-21 18:14:32.255360,4624042.39,286.72,3,2,16127.38
162,1,2,2,1,139,Idealista_PROP_686444,2026-05-21 18:14:32.255360,4209450.01,260.09,1,1,16184.59
163,1,2,1,1,140,Idealista_PROP_423016,2026-05-21 18:14:32.255360,1393289.56,144.79,5,2,9622.83
164,1,1,2,1,141,Idealista_PROP_120192,2026-05-21 18:14:32.255360,6713715.22,657.95,1,6,10203.99
165,1,2,3,1,30,Idealista_PROP_918056,2026-05-21 18:14:32.255360,1255649.03,98.2,2,5,12786.65
166,1,1,2,1,142,Idealista_PROP_75598,2026-05-21 18:14:32.255360,8651457.65,883.69,8,1,9790.15
167,1,5,1,1,8,Idealista_PROP_442435,2026-05-21 18:14:32.255360,3678124.38,342.98,6,2,10724.02
168,1,2,2,1,143,Idealista_PROP_112167,2026-05-21 18:14:32.255360,11397581.03,655.8,3,2,17379.66
169,1,5,1,1,144,Idealista_PROP_724896,2026-05-21 18:14:32.255360,11554705.27,890.65,6,3,12973.34
170,1,4,5,1,135,Idealista_PROP_718073,2026-05-21 18:14:32.255360,4342537.97,274.97,1,6,15792.77
171,1,2,5,1,145,Idealista_PROP_227925,2026-05-21 18:14:32.255360,5612929.58,355.92,3,4,15770.2
172,1,1,2,1,146,Idealista_PROP_941229,2026-05-21 18:14:32.255360,2492211.54,316.24,3,5,7880.76
173,1,2,3,1,147,Idealista_PROP_25,2026-05-21 18:14:32.255360,1266476.44,76.43,8,3,16570.41
174,1,1,1,1,148,Idealista_PROP_390791,2026-05-21 18:14:32.255360,7365547.86,859.4,7,3,8570.57
175,1,5,1,1,72,Idealista_PROP_490929,2026-05-21 18:14:32.255360,6130743.0,351.45,4,6,17444.14
176,1,4,5,1,58,Idealista_PROP_655468,2026-05-21 18:14:32.255360,5636161.8,495.34,8,1,11378.37
177,1,1,3,1,149,Idealista_PROP_86879,2026-05-21 18:14:32.255360,6849072.24,825.65,8,5,8295.37
178,1,3,5,1,150,Idealista_PROP_515215,2026-05-21 18:14:32.255360,1224777.56,156.73,8,2,7814.57
179,1,4,5,1,151,Idealista_PROP_483871,2026-05-21 18:14:32.255360,13199174.62,806.55,2,5,16364.98
180,1,5,5,1,152,Idealista_PROP_399432,2026-05-21 18:14:32.255360,6926284.84,721.18,4,1,9604.1
181,1,4,2,1,153,Idealista_PROP_932072,2026-05-21 18:14:32.255360,1098602.03,96.54,3,5,11379.76
182,1,2,4,1,154,Idealista_PROP_918438,2026-05-21 18:14:32.255360,7079133.63,592.41,2,2,11949.72
183,1,3,4,1,155,Idealista_PROP_885034,2026-05-21 18:14:32.255360,7819368.91,472.46,3,2,16550.33
184,1,5,3,1,12,Idealista_PROP_626383,2026-05-21 18:14:32.255360,5856992.75,337.58,6,6,17349.94
185,1,5,4,1,156,Idealista_PROP_660902,2026-05-21 18:14:32.255360,4563030.64,568.41,5,2,8027.71
186,1,5,3,1,5,Idealista_PROP_482737,2026-05-21 18:14:32.255360,5481888.87,749.7,6,5,7312.11
187,1,4,3,1,157,Idealista_PROP_489423,2026-05-21 18:14:32.255360,6508947.03,468.31,7,5,13898.8
188,1,5,2,1,3,Idealista_PROP_75506,2026-05-21 18:14:32.255360,5524807.32,632.21,5,4,8738.88
189,1,3,3,1,104,Idealista_PROP_179406,2026-05-21 18:14:32.255360,11057149.16,671.41,6,6,16468.55
190,1,3,4,1,158,Idealista_PROP_62113,2026-05-21 18:14:32.255360,4386195.96,441.17,2,3,9942.19
191,1,2,4,1,159,Idealista_PROP_344837,2026-05-21 18:14:32.255360,12773658.58,739.59,7,2,17271.27
192,1,2,4,1,160,Idealista_PROP_80046,2026-05-21 18:14:32.255360,3737495.18,467.74,8,4,7990.54
193,1,5,4,1,161,Idealista_PROP_774880,2026-05-21 18:14:32.255360,3827097.04,281.97,6,1,13572.71
194,1,3,1,1,162,Idealista_PROP_965152,2026-05-21 18:14:32.255360,11985719.18,798.91,2,4,15002.59
195,1,1,4,1,134,Idealista_PROP_81554,2026-05-21 18:14:32.255360,1295332.66,103.24,4,3,12546.81
196,1,3,1,1,163,Idealista_PROP_467037,2026-05-21 18:14:32.255360,6444639.53,360.95,3,1,17854.66
197,1,5,4,1,90,Idealista_PROP_991203,2026-05-21 18:14:32.255360,671744.3,78.96,7,5,8507.4
198,1,5,4,1,164,Idealista_PROP_504719,2026-05-21 18:14:32.255360,3216944.41,179.75,3,3,17896.77
199,1,3,4,1,165,Idealista_PROP_453375,2026-05-21 18:14:32.255360,3220933.51,448.41,8,6,7183.01
200,1,3,5,1,166,Idealista_PROP_312055,2026-05-21 18:14:32.255360,3813798.14,268.36,1,5,14211.5
201,1,1,4,1,167,Idealista_PROP_555638,2026-05-21 18:14:32.255360,2420799.92,167.09,8,2,14488.0
202,1,5,1,1,92,Idealista_PROP_855439,2026-05-21 18:14:32.255360,2484591.96,170.23,8,3,14595.5
203,1,2,1,1,168,Idealista_PROP_707883,2026-05-21 18:14:32.255360,9391693.27,522.36,3,5,17979.35
204,1,5,2,1,169,Idealista_PROP_282304,2026-05-21 18:14:32.255360,10278084.25,621.25,6,5,16544.2
205,1,3,2,1,170,Idealista_PROP_549262,2026-05-21 18:14:32.255360,4925767.12,519.95,4,2,9473.54
206,1,5,2,1,152,Idealista_PROP_318255,2026-05-21 18:14:32.255360,9020161.07,522.02,6,4,17279.34
207,1,3,2,1,78,Idealista_PROP_101541,2026-05-21 18:14:32.255360,2945405.27,289.79,7,3,10163.93
208,1,4,2,1,171,Idealista_PROP_402489,2026-05-21 18:14:32.255360,12347798.11,842.4,4,2,14657.88
209,1,5,3,1,172,Idealista_PROP_189209,2026-05-21 18:14:32.255360,4460284.96,588.63,1,6,7577.4
210,1,5,1,1,129,Idealista_PROP_341269,2026-05-21 18:14:32.255360,4142917.35,450.61,3,4,9194.02
211,1,1,1,1,37,Idealista_PROP_664866,2026-05-21 18:14:32.255360,7367102.52,825.38,4,5,8925.71
212,1,1,2,1,107,Idealista_PROP_885650,2026-05-21 18:14:32.255360,5638940.36,794.0,8,2,7101.94
213,1,4,5,1,173,Idealista_PROP_858622,2026-05-21 18:14:32.255360,6821306.71,804.76,8,6,8476.2
214,1,1,5,1,174,Idealista_PROP_33163,2026-05-21 18:14:32.255360,8905933.69,597.53,3,6,14904.58
215,1,3,3,1,175,Idealista_PROP_605006,2026-05-21 18:14:32.255360,9516395.89,751.21,3,5,12668.09
216,1,5,2,1,176,Idealista_PROP_206038,2026-05-21 18:14:32.255360,2534638.12,264.28,6,2,9590.73
217,1,3,4,1,177,Idealista_PROP_817608,2026-05-21 18:14:32.255360,4884932.98,635.78,1,3,7683.37
218,1,3,5,1,80,Idealista_PROP_607201,2026-05-21 18:14:32.255360,3357693.68,356.09,2,6,9429.34
219,1,3,5,1,178,Idealista_PROP_808940,2026-05-21 18:14:32.255360,10938023.56,691.32,7,6,15821.94
220,1,3,1,1,179,Idealista_PROP_154640,2026-05-21 18:14:32.255360,1415272.02,107.17,8,5,13205.86
221,1,5,4,1,31,Idealista_PROP_440012,2026-05-21 18:14:32.255360,9190033.31,774.86,3,2,11860.25
222,1,1,4,1,102,Idealista_PROP_159431,2026-05-21 18:14:32.255360,1775597.25,153.47,8,1,11569.67
223,1,4,1,1,140,Idealista_PROP_279739,2026-05-21 18:14:32.255360,9104337.97,681.39,7,3,13361.42
224,1,3,1,1,20,Idealista_PROP_34180,2026-05-21 18:14:32.255360,2576301.75,286.9,2,4,8979.79
225,1,2,5,1,180,Idealista_PROP_471087,2026-05-21 18:14:32.255360,5268011.49,363.06,7,4,14510.03
226,1,4,1,1,181,Idealista_PROP_179214,2026-05-21 18:14:32.255360,7425186.51,494.8,3,5,15006.44
227,1,4,2,1,182,Idealista_PROP_399267,2026-05-21 18:14:32.255360,7273402.28,748.09,7,5,9722.63
228,1,1,1,1,102,Idealista_PROP_665616,2026-05-21 18:14:32.255360,1911597.19,246.97,7,5,7740.2
229,1,1,3,1,183,Idealista_PROP_835212,2026-05-21 18:14:32.255360,2267957.04,241.53,1,4,9389.96
230,1,4,3,1,184,Idealista_PROP_522772,2026-05-21 18:14:32.255360,4055550.86,243.74,6,5,16638.84
231,1,4,5,1,59,Idealista_PROP_215301,2026-05-21 18:14:32.255360,6766238.1,578.35,1,5,11699.21
232,1,2,4,1,160,Idealista_PROP_495888,2026-05-21 18:14:32.255360,4027848.95,391.1,6,6,10298.77
233,1,5,5,1,85,Idealista_PROP_621647,2026-05-21 18:14:32.255360,9240144.62,523.65,3,4,17645.65
234,1,4,3,1,144,Idealista_PROP_327118,2026-05-21 18:14:32.255360,13595080.54,833.11,6,6,16318.47
235,1,1,5,1,185,Idealista_PROP_483082,2026-05-21 18:14:32.255360,7177023.44,791.31,7,6,9069.8
236,1,5,2,1,186,Idealista_PROP_111695,2026-05-21 18:14:32.255360,6186848.96,863.04,4,3,7168.67
237,1,2,3,1,187,Idealista_PROP_314881,2026-05-21 18:14:32.255360,7995023.31,514.79,4,4,15530.65
238,1,4,5,1,51,Idealista_PROP_171295,2026-05-21 18:14:32.255360,6977662.74,440.76,6,5,15830.98
239,1,5,5,1,62,Idealista_PROP_216117,2026-05-21 18:14:32.255360,4941256.66,523.77,6,4,9434.02
240,1,3,4,1,188,Idealista_PROP_749277,2026-05-21 18:14:32.255360,1989143.34,208.72,7,3,9530.2
241,1,4,5,1,189,Idealista_PROP_929948,2026-05-21 18:14:32.255360,6571042.39,436.31,8,6,15060.49
242,1,2,3,1,190,Idealista_PROP_948449,2026-05-21 18:14:32.255360,5953907.01,761.6,1,5,7817.63
243,1,2,3,1,191,Idealista_PROP_985828,2026-05-21 18:14:32.255360,601268.05,47.86,4,1,12563.06
244,1,3,2,1,192,Idealista_PROP_88440,2026-05-21 18:14:32.255360,5735853.14,497.7,8,1,11524.72
245,1,4,1,1,193,Idealista_PROP_604524,2026-05-21 18:14:32.255360,10591510.44,829.52,7,2,12768.24
246,1,4,5,1,93,Idealista_PROP_429753,2026-05-21 18:14:32.255360,10422367.7,865.0,7,1,12048.98
247,1,1,1,1,194,Idealista_PROP_254308,2026-05-21 18:14:32.255360,4458453.18,364.37,2,4,12236.06
248,1,2,2,1,195,Idealista_PROP_723829,2026-05-21 18:14:32.255360,13851429.58,809.52,6,5,17110.67
249,1,3,2,1,196,Idealista_PROP_266092,2026-05-21 18:14:32.255360,6338966.1,628.61,5,1,10084.1
250,1,4,1,1,197,Idealista_PROP_237927,2026-05-21 18:14:32.255360,10194072.82,686.94,4,5,14839.83
251,1,3,3,1,198,Idealista_PROP_124574,2026-05-21 18:14:32.255360,5602429.09,370.11,7,6,15137.2
252,1,3,5,1,199,Idealista_PROP_786482,2026-05-21 18:14:32.255360,1877866.97,239.64,1,1,7836.2
253,1,2,5,1,200,Idealista_PROP_582772,2026-05-21 18:14:32.255360,8534826.29,713.85,1,6,11956.05
254,1,2,3,1,201,Idealista_PROP_907862,2026-05-21 18:14:32.255360,10781780.52,726.33,7,1,14844.19
255,1,5,2,1,202,Idealista_PROP_931579,2026-05-21 18:14:32.255360,2062296.6,118.71,6,3,17372.56
256,1,5,1,1,30,Idealista_PROP_968250,2026-05-21 18:14:32.255360,6558651.52,519.01,3,4,12636.85
257,1,1,4,1,203,Idealista_PROP_838250,2026-05-21 18:14:32.255360,3278235.14,290.99,6,4,11265.8
258,1,5,4,1,204,Idealista_PROP_533015,2026-05-21 18:14:32.255360,1849918.09,185.77,3,6,9958.11
259,1,2,5,1,205,Idealista_PROP_120515,2026-05-21 18:14:32.255360,7824287.32,713.09,7,3,10972.37
260,1,3,4,1,6,Idealista_PROP_563950,2026-05-21 18:14:32.255360,1107291.35,156.52,4,4,7074.44
261,1,4,2,1,206,Idealista_PROP_204108,2026-05-21 18:14:32.255360,4068370.43,298.37,6,4,13635.32
262,1,2,5,1,207,Idealista_PROP_613773,2026-05-21 18:14:32.255360,13609068.32,872.28,5,6,15601.72
263,1,2,5,1,208,Idealista_PROP_410838,2026-05-21 18:14:32.255360,7142214.69,549.32,2,5,13001.92
264,1,2,3,1,209,Idealista_PROP_17387,2026-05-21 18:14:32.255360,11724542.31,744.31,8,3,15752.23
265,1,4,3,1,210,Idealista_PROP_354895,2026-05-21 18:14:32.255360,10271863.18,655.1,5,6,15679.84
266,1,3,2,1,151,Idealista_PROP_549305,2026-05-21 18:14:32.255360,7887689.5,720.02,7,5,10954.82
267,1,1,1,1,211,Idealista_PROP_605679,2026-05-21 18:14:32.255360,2515008.15,183.05,4,6,13739.46
268,1,2,5,1,212,Idealista_PROP_63683,2026-05-21 18:14:32.255360,1178362.85,124.8,7,1,9442.01
269,1,3,3,1,213,Idealista_PROP_182858,2026-05-21 18:14:32.255360,6343427.46,438.23,8,3,14475.11
270,1,2,1,1,90,Idealista_PROP_904633,2026-05-21 18:14:32.255360,2425519.06,139.82,5,4,17347.44
271,1,5,4,1,214,Idealista_PROP_849719,2026-05-21 18:14:32.255360,1852201.64,123.96,8,3,14941.93
272,1,1,1,1,215,Idealista_PROP_649294,2026-05-21 18:14:32.255360,5481508.49,622.34,6,6,8807.9
273,1,3,3,1,216,Idealista_PROP_953357,2026-05-21 18:14:32.255360,8254228.35,864.28,6,5,9550.41
274,1,2,2,1,217,Idealista_PROP_139160,2026-05-21 18:14:32.255360,5002270.88,426.63,1,6,11725.08
275,1,1,4,1,31,Idealista_PROP_354994,2026-05-21 18:14:32.255360,3250725.62,354.58,2,5,9167.82
276,1,3,5,1,218,Idealista_PROP_280043,2026-05-21 18:14:32.255360,5898858.76,544.82,7,5,10827.17
277,1,4,4,1,219,Idealista_PROP_700913,2026-05-21 18:14:32.255360,2977180.96,309.34,2,6,9624.3
278,1,3,2,1,37,Idealista_PROP_601920,2026-05-21 18:14:32.255360,6226777.25,534.33,7,5,11653.43
279,1,5,4,1,187,Idealista_PROP_971318,2026-05-21 18:14:32.255360,1680564.65,160.66,3,4,10460.38
280,1,1,2,1,220,Idealista_PROP_973197,2026-05-21 18:14:32.255360,10913102.0,868.89,3,2,12559.82
281,1,2,2,1,170,Idealista_PROP_527074,2026-05-21 18:14:32.255360,6828629.56,724.46,3,1,9425.82
282,1,5,2,1,221,Idealista_PROP_871761,2026-05-21 18:14:32.255360,5296958.75,532.53,8,5,9946.78
283,1,1,2,1,18,Idealista_PROP_847086,2026-05-21 18:14:32.255360,9549422.95,672.95,4,4,14190.39
284,1,2,5,1,222,Idealista_PROP_745989,2026-05-21 18:14:32.255360,6501583.69,784.15,6,1,8291.25
285,1,3,5,1,223,Idealista_PROP_39463,2026-05-21 18:14:32.255360,11402934.99,714.97,7,2,15948.83
286,1,4,4,1,131,Idealista_PROP_841178,2026-05-21 18:14:32.255360,2871192.6,288.83,3,3,9940.77
287,1,1,3,1,201,Idealista_PROP_711672,2026-05-21 18:14:32.255360,6596220.66,785.66,7,1,8395.77
288,1,4,3,1,209,Idealista_PROP_819746,2026-05-21 18:14:32.255360,5342231.02,536.59,7,4,9955.89
289,1,1,2,1,224,Idealista_PROP_874673,2026-05-21 18:14:32.255360,5331313.93,431.04,5,6,12368.49
290,1,1,2,1,225,Idealista_PROP_765696,2026-05-21 18:14:32.255360,2665687.49,227.33,6,1,11726.07
291,1,4,5,1,226,Idealista_PROP_114472,2026-05-21 18:14:32.255360,12087022.46,717.94,3,5,16835.7
292,1,2,1,1,227,Idealista_PROP_335717,2026-05-21 18:14:32.255360,7748140.27,432.61,2,2,17910.22
293,1,5,5,1,76,Idealista_PROP_75254,2026-05-21 18:14:32.255360,5881343.13,602.95,3,3,9754.28
294,1,1,2,1,228,Idealista_PROP_109338,2026-05-21 18:14:32.255360,3274425.16,409.14,5,6,8003.19
295,1,5,4,1,229,Idealista_PROP_209704,2026-05-21 18:14:32.255360,703128.84,47.99,4,5,14651.57
296,1,5,2,1,93,Idealista_PROP_587846,2026-05-21 18:14:32.255360,1853411.21,116.82,2,2,15865.53
297,1,5,2,1,117,Idealista_PROP_106640,2026-05-21 18:14:32.255360,1304180.45,98.83,3,6,13196.2
298,1,5,3,1,230,Idealista_PROP_850755,2026-05-21 18:14:32.255360,6200364.56,779.57,7,5,7953.57
299,1,2,5,1,66,Idealista_PROP_325702,2026-05-21 18:14:32.255360,3566389.07,253.1,7,3,14090.83
300,1,3,5,1,129,Idealista_PROP_901038,2026-05-21 18:14:32.255360,2963359.02,216.68,1,6,13676.2
301,1,1,3,1,231,Idealista_PROP_119573,2026-05-21 18:14:32.255360,3467297.01,247.33,8,4,14018.91
302,1,4,5,1,232,Idealista_PROP_728161,2026-05-21 18:14:32.255360,5141003.53,354.25,3,4,14512.36
303,1,1,1,1,161,Idealista_PROP_623778,2026-05-21 18:14:32.255360,3867643.37,225.54,2,1,17148.37
304,1,3,2,1,233,Idealista_PROP_273120,2026-05-21 18:14:32.255360,1430726.07,110.89,7,6,12902.21
305,1,1,4,1,234,Idealista_PROP_98419,2026-05-21 18:14:32.255360,5255861.56,376.03,4,2,13977.24
306,1,4,2,1,233,Idealista_PROP_998803,2026-05-21 18:14:32.255360,1344491.58,114.14,4,1,11779.32
307,1,5,1,1,60,Idealista_PROP_33604,2026-05-21 18:14:32.255360,5662341.51,643.29,1,6,8802.16
308,1,4,3,1,56,Idealista_PROP_672916,2026-05-21 18:14:32.255360,5562730.96,670.32,6,2,8298.62
309,1,4,4,1,204,Idealista_PROP_240210,2026-05-21 18:14:32.255360,5888974.43,466.69,2,3,12618.6
310,1,4,3,1,46,Idealista_PROP_900921,2026-05-21 18:14:32.255360,2978325.26,236.43,5,1,12597.07
311,1,1,2,1,235,Idealista_PROP_918195,2026-05-21 18:14:32.255360,3405788.7,193.91,6,4,17563.76
312,1,2,3,1,236,Idealista_PROP_536577,2026-05-21 18:14:32.255360,8706185.18,827.64,6,2,10519.29
313,1,3,1,1,237,Idealista_PROP_912708,2026-05-21 18:14:32.255360,6676000.08,860.51,3,2,7758.19
314,1,4,5,1,238,Idealista_PROP_815447,2026-05-21 18:14:32.255360,500000.0,46.85,2,5,10672.36
315,1,5,2,1,239,Idealista_PROP_67138,2026-05-21 18:14:32.255360,13951758.97,898.1,6,5,15534.75
316,1,5,3,1,240,Idealista_PROP_551181,2026-05-21 18:14:32.255360,2598666.45,240.38,1,4,10810.66
317,1,4,1,1,23,Idealista_PROP_423771,2026-05-21 18:14:32.255360,1659938.02,129.4,7,6,12827.96
318,1,5,5,1,35,Idealista_PROP_680630,2026-05-21 18:14:32.255360,10322291.47,811.67,2,1,12717.35
319,1,1,4,1,241,Idealista_PROP_882078,2026-05-21 18:14:32.255360,6666775.06,588.01,2,5,11337.86
320,1,5,3,1,242,Idealista_PROP_242057,2026-05-21 18:14:32.255360,9470122.27,836.4,5,3,11322.48
321,1,4,3,1,243,Idealista_PROP_416542,2026-05-21 18:14:32.255360,9546644.74,710.75,2,2,13431.79
322,1,4,2,1,236,Idealista_PROP_635074,2026-05-21 18:14:32.255360,8073273.56,869.59,2,5,9284.0
323,1,1,3,1,38,Idealista_PROP_298479,2026-05-21 18:14:32.255360,3693705.97,224.92,5,6,16422.31
324,1,4,2,1,242,Idealista_PROP_868054,2026-05-21 18:14:32.255360,4720270.83,263.74,1,6,17897.44
325,1,3,4,1,244,Idealista_PROP_300179,2026-05-21 18:14:32.255360,2008020.99,127.64,4,1,15731.91
326,1,5,3,1,130,Idealista_PROP_294256,2026-05-21 18:14:32.255360,10911027.4,630.21,4,4,17313.32
327,1,1,1,1,245,Idealista_PROP_132174,2026-05-21 18:14:32.255360,5896662.72,736.0,2,2,8011.77
328,1,1,2,1,246,Idealista_PROP_496704,2026-05-21 18:14:32.255360,8470736.78,746.65,1,2,11344.99
329,1,4,3,1,211,Idealista_PROP_973566,2026-05-21 18:14:32.255360,3657505.77,423.57,3,3,8634.95
330,1,4,2,1,247,Idealista_PROP_500395,2026-05-21 18:14:32.255360,931567.8,92.44,7,5,10077.54
331,1,3,3,1,44,Idealista_PROP_734904,2026-05-21 18:14:32.255360,7057562.85,452.53,1,4,15595.79
332,1,2,5,1,173,Idealista_PROP_217765,2026-05-21 18:14:32.255360,4053061.64,553.52,3,1,7322.34
333,1,2,4,1,248,Idealista_PROP_138919,2026-05-21 18:14:32.255360,7110020.88,877.62,6,5,8101.48
334,1,1,3,1,249,Idealista_PROP_99284,2026-05-21 18:14:32.255360,2587965.58,191.45,7,3,13517.71
335,1,3,1,1,250,Idealista_PROP_71082,2026-05-21 18:14:32.255360,4755427.73,524.27,6,5,9070.57
336,1,3,5,1,251,Idealista_PROP_990801,2026-05-21 18:14:32.255360,1124313.11,117.62,3,4,9558.86
337,1,4,4,1,181,Idealista_PROP_613178,2026-05-21 18:14:32.255360,11231673.8,656.57,4,2,17106.59
338,1,5,4,1,172,Idealista_PROP_38180,2026-05-21 18:14:32.255360,9621715.76,866.08,3,1,11109.5
339,1,4,5,1,252,Idealista_PROP_47832,2026-05-21 18:14:32.255360,7907593.5,669.82,6,2,11805.55
340,1,5,4,1,251,Idealista_PROP_684909,2026-05-21 18:14:32.255360,5508168.42,365.41,6,2,15073.94
341,1,3,2,1,182,Idealista_PROP_238203,2026-05-21 18:14:32.255360,14680439.06,832.09,1,2,17642.85
342,1,2,3,1,253,Idealista_PROP_724168,2026-05-21 18:14:32.255360,4356816.12,244.68,6,6,17806.18
343,1,4,2,1,251,Idealista_PROP_723675,2026-05-21 18:14:32.255360,1972142.86,254.61,1,3,7745.74
344,1,1,2,1,189,Idealista_PROP_291932,2026-05-21 18:14:32.255360,14612545.04,873.43,8,6,16730.07
345,1,2,1,1,51,Idealista_PROP_165589,2026-05-21 18:14:32.255360,1405006.7,179.88,8,5,7810.8
346,1,4,1,1,106,Idealista_PROP_597552,2026-05-21 18:14:32.255360,7047707.22,803.62,2,3,8769.95
347,1,1,5,1,254,Idealista_PROP_221218,2026-05-21 18:14:32.255360,5831234.49,410.94,8,6,14189.99
348,1,1,5,1,255,Idealista_PROP_252060,2026-05-21 18:14:32.255360,9557022.41,639.59,4,2,14942.42
349,1,4,3,1,256,Idealista_PROP_368154,2026-05-21 18:14:32.255360,8634282.05,531.72,2,1,16238.4
350,1,1,5,1,237,Idealista_PROP_205616,2026-05-21 18:14:32.255360,551661.59,62.13,8,2,8879.15
351,1,1,5,1,104,Idealista_PROP_967703,2026-05-21 18:14:32.255360,8027125.33,809.59,7,4,9915.05
352,1,2,5,1,257,Idealista_PROP_438713,2026-05-21 18:14:32.255360,3227969.97,266.43,3,4,12115.64
353,1,5,1,1,257,Idealista_PROP_310481,2026-05-21 18:14:32.255360,8492426.37,735.03,2,6,11553.85
354,1,2,4,1,128,Idealista_PROP_4790,2026-05-21 18:14:32.255360,5108059.71,532.53,7,5,9592.06
355,1,1,4,1,68,Idealista_PROP_921695,2026-05-21 18:14:32.255360,3363796.47,188.68,3,1,17828.05
356,1,1,2,1,51,Idealista_PROP_867324,2026-05-21 18:14:32.255360,3428697.93,213.65,2,6,16048.2
357,1,1,1,1,231,Idealista_PROP_687256,2026-05-21 18:14:32.255360,8454000.79,514.77,7,5,16422.87
358,1,3,4,1,172,Idealista_PROP_652225,2026-05-21 18:14:32.255360,2232195.49,168.69,7,1,13232.53
359,1,1,4,1,19,Idealista_PROP_356468,2026-05-21 18:14:32.255360,7874773.45,794.99,2,3,9905.5
360,1,1,3,1,258,Idealista_PROP_144468,2026-05-21 18:14:32.255360,8283182.11,571.69,5,4,14488.94
361,1,4,3,1,155,Idealista_PROP_31685,2026-05-21 18:14:32.255360,14032277.49,831.92,1,6,16867.34
362,1,4,5,1,259,Idealista_PROP_34169,2026-05-21 18:14:32.255360,8331923.92,876.35,8,6,9507.53
363,1,4,5,1,260,Idealista_PROP_719669,2026-05-21 18:14:32.255360,1880166.99,201.62,7,5,9325.3
364,1,3,5,1,261,Idealista_PROP_559814,2026-05-21 18:14:32.255360,1427671.22,96.43,1,5,14805.26
365,1,3,1,1,262,Idealista_PROP_450557,2026-05-21 18:14:32.255360,7403787.52,759.8,3,2,9744.39
366,1,5,5,1,199,Idealista_PROP_663457,2026-05-21 18:14:32.255360,4904246.77,586.45,6,4,8362.6
367,1,2,3,1,263,Idealista_PROP_388644,2026-05-21 18:14:32.255360,5448778.55,336.05,8,5,16214.19
368,1,4,1,1,264,Idealista_PROP_367079,2026-05-21 18:14:32.255360,12061990.28,774.29,7,1,15578.13
369,1,5,5,1,265,Idealista_PROP_249561,2026-05-21 18:14:32.255360,13821191.5,783.58,7,5,17638.52
370,1,5,4,1,147,Idealista_PROP_280460,2026-05-21 18:14:32.255360,9784154.3,563.18,1,2,17373.05
371,1,2,2,1,266,Idealista_PROP_11366,2026-05-21 18:14:32.255360,2350270.78,227.66,6,4,10323.6
372,1,1,1,1,216,Idealista_PROP_279981,2026-05-21 18:14:32.255360,2429638.91,296.69,6,5,8189.15
373,1,4,5,1,267,Idealista_PROP_469667,2026-05-21 18:14:32.255360,2563299.56,201.99,5,6,12690.23
374,1,3,2,1,268,Idealista_PROP_76109,2026-05-21 18:14:32.255360,9382473.42,660.3,6,6,14209.41
375,1,2,2,1,109,Idealista_PROP_300037,2026-05-21 18:14:32.255360,4975546.75,335.12,1,5,14847.06
376,1,4,4,1,185,Idealista_PROP_813701,2026-05-21 18:14:32.255360,3564064.36,292.65,5,2,12178.59
377,1,5,5,1,269,Idealista_PROP_622667,2026-05-21 18:14:32.255360,3848889.15,232.06,2,2,16585.75
378,1,4,4,1,7,Idealista_PROP_311719,2026-05-21 18:14:32.255360,7350376.54,444.66,5,4,16530.33
379,1,2,3,1,270,Idealista_PROP_36685,2026-05-21 18:14:32.255360,5721988.26,495.66,2,6,11544.18
380,1,4,2,1,271,Idealista_PROP_938265,2026-05-21 18:14:32.255360,7022370.91,781.66,8,2,8983.92
381,1,5,5,1,31,Idealista_PROP_261884,2026-05-21 18:14:32.255360,4231146.57,275.23,1,1,15373.13
382,1,1,3,1,270,Idealista_PROP_117595,2026-05-21 18:14:32.255360,6816992.58,386.92,7,6,17618.61
383,1,4,1,1,154,Idealista_PROP_504502,2026-05-21 18:14:32.255360,500000.0,55.41,6,5,9023.64
384,1,4,5,1,71,Idealista_PROP_687507,2026-05-21 18:14:32.255360,4902370.96,472.87,3,1,10367.27
385,1,4,2,1,71,Idealista_PROP_147028,2026-05-21 18:14:32.255360,5662369.9,334.75,6,4,16915.22
386,1,2,1,1,201,Idealista_PROP_393118,2026-05-21 18:14:32.255360,1604761.5,221.62,4,2,7241.05
387,1,1,2,1,272,Idealista_PROP_155245,2026-05-21 18:14:32.255360,4145954.22,550.77,5,5,7527.56
388,1,1,2,1,273,Idealista_PROP_36261,2026-05-21 18:14:32.255360,6239427.72,510.66,8,4,12218.36
389,1,1,5,1,274,Idealista_PROP_212582,2026-05-21 18:14:32.255360,6078955.37,609.74,7,6,9969.75
390,1,1,4,1,274,Idealista_PROP_264062,2026-05-21 18:14:32.255360,8918345.69,714.89,2,3,12475.13
391,1,3,3,1,275,Idealista_PROP_406858,2026-05-21 18:14:32.255360,2185437.24,294.0,6,6,7433.46
392,1,2,5,1,33,Idealista_PROP_220243,2026-05-21 18:14:32.255360,10484179.97,617.6,4,1,16975.68
393,1,1,4,1,169,Idealista_PROP_894427,2026-05-21 18:14:32.255360,11525288.25,818.11,2,6,14087.7
394,1,2,1,1,40,Idealista_PROP_225820,2026-05-21 18:14:32.255360,8473136.91,772.93,2,2,10962.36
395,1,1,1,1,276,Idealista_PROP_357787,2026-05-21 18:14:32.255360,5433361.47,322.65,1,2,16839.8
396,1,1,5,1,277,Idealista_PROP_337276,2026-05-21 18:14:32.255360,6764579.66,384.67,6,2,17585.41
397,1,2,2,1,165,Idealista_PROP_669598,2026-05-21 18:14:32.255360,4883008.21,638.71,3,1,7645.11
398,1,3,2,1,278,Idealista_PROP_383376,2026-05-21 18:14:32.255360,9745805.4,710.08,8,2,13724.94
399,1,5,2,1,279,Idealista_PROP_27312,2026-05-21 18:14:32.255360,3224840.33,418.99,8,1,7696.7
400,1,3,4,1,278,Idealista_PROP_68831,2026-05-21 18:14:32.255360,7087606.14,486.43,4,6,14570.66
401,2,6,6,2,64,Rightmove_PROP_326397,2026-05-21 18:14:32.255360,5693356.93,216.7,6,6,26272.99
402,2,6,2,2,280,Rightmove_PROP_911221,2026-05-21 18:14:32.255360,2084360.88,131.47,8,4,15854.27
403,2,7,1,2,281,Rightmove_PROP_962423,2026-05-21 18:14:32.255360,2879982.59,136.05,7,4,21168.56
404,2,8,7,2,263,Rightmove_PROP_444826,2026-05-21 18:14:32.255360,3420501.06,163.55,2,4,20914.1
405,2,7,2,2,282,Rightmove_PROP_15558,2026-05-21 18:14:32.255360,13981436.89,801.06,5,5,17453.67
406,2,6,6,2,45,Rightmove_PROP_204894,2026-05-21 18:14:32.255360,16791971.42,872.74,6,5,19240.52
407,2,6,8,2,250,Rightmove_PROP_937057,2026-05-21 18:14:32.255360,9283631.99,677.58,6,3,13701.16
408,2,6,6,2,60,Rightmove_PROP_420735,2026-05-21 18:14:32.255360,4783889.41,261.61,2,3,18286.34
409,2,8,2,2,157,Rightmove_PROP_941384,2026-05-21 18:14:32.255360,17731329.02,657.57,3,4,26964.93
410,2,7,1,2,29,Rightmove_PROP_609208,2026-05-21 18:14:32.255360,3571584.62,164.6,3,6,21698.57
411,2,7,2,2,134,Rightmove_PROP_71878,2026-05-21 18:14:32.255360,19183838.59,867.21,5,6,22121.33
412,2,9,7,2,283,Rightmove_PROP_151530,2026-05-21 18:14:32.255360,10758128.7,627.0,3,6,17158.1
413,2,7,6,2,284,Rightmove_PROP_643476,2026-05-21 18:14:32.255360,12918161.26,1058.49,7,6,12204.33
414,2,6,8,2,98,Rightmove_PROP_154574,2026-05-21 18:14:32.255360,15117338.84,911.46,1,2,16585.85
415,2,10,7,2,103,Rightmove_PROP_88676,2026-05-21 18:14:32.255360,10038822.83,459.28,4,5,21857.74
416,2,6,2,2,75,Rightmove_PROP_358816,2026-05-21 18:14:32.255360,15305151.21,845.34,7,2,18105.32
417,2,9,2,2,264,Rightmove_PROP_607960,2026-05-21 18:14:32.255360,7203713.74,279.57,1,1,25767.12
418,2,9,2,2,246,Rightmove_PROP_719550,2026-05-21 18:14:32.255360,8820134.94,384.78,4,6,22922.54
419,2,7,8,2,285,Rightmove_PROP_682723,2026-05-21 18:14:32.255360,5354366.32,367.37,7,1,14574.86
420,2,9,6,2,159,Rightmove_PROP_29625,2026-05-21 18:14:32.255360,13251508.35,651.83,6,1,20329.7
421,2,8,2,2,286,Rightmove_PROP_647428,2026-05-21 18:14:32.255360,5201350.87,300.48,7,1,17310.14
422,2,7,2,2,37,Rightmove_PROP_109833,2026-05-21 18:14:32.255360,2812588.67,177.5,8,5,15845.57
423,2,7,1,2,101,Rightmove_PROP_325700,2026-05-21 18:14:32.255360,6706549.15,485.49,1,6,13813.98
424,2,9,8,2,194,Rightmove_PROP_514229,2026-05-21 18:14:32.255360,13617471.51,607.26,6,5,22424.45
425,2,10,1,2,133,Rightmove_PROP_320597,2026-05-21 18:14:32.255360,4445245.26,288.45,1,6,15410.8
426,2,10,1,2,150,Rightmove_PROP_875904,2026-05-21 18:14:32.255360,17561042.62,907.66,7,6,19347.6
427,2,10,8,2,273,Rightmove_PROP_846962,2026-05-21 18:14:32.255360,11443395.4,709.08,3,3,16138.37
428,2,8,6,2,287,Rightmove_PROP_779113,2026-05-21 18:14:32.255360,18314682.14,822.66,6,1,22262.76
429,2,7,8,2,288,Rightmove_PROP_362713,2026-05-21 18:14:32.255360,8242709.79,379.76,2,3,21705.05
430,2,8,6,2,55,Rightmove_PROP_718098,2026-05-21 18:14:32.255360,8402326.97,592.46,7,6,14182.1
431,2,10,2,2,184,Rightmove_PROP_713595,2026-05-21 18:14:32.255360,10501209.24,396.92,7,5,26456.74
432,2,7,1,2,289,Rightmove_PROP_21712,2026-05-21 18:14:32.255360,10479224.7,757.5,3,2,13833.96
433,2,10,2,2,290,Rightmove_PROP_507380,2026-05-21 18:14:32.255360,5166571.07,380.7,8,6,13571.24
434,2,9,7,2,72,Rightmove_PROP_458036,2026-05-21 18:14:32.255360,4238825.05,160.55,3,6,26401.9
435,2,9,2,2,285,Rightmove_PROP_272610,2026-05-21 18:14:32.255360,11912391.22,698.21,5,6,17061.33
436,2,9,1,2,210,Rightmove_PROP_551084,2026-05-21 18:14:32.255360,8338911.69,364.57,4,6,22873.28
437,2,8,6,2,291,Rightmove_PROP_552051,2026-05-21 18:14:32.255360,14807426.37,682.18,6,3,21706.04
438,2,6,7,2,64,Rightmove_PROP_412094,2026-05-21 18:14:32.255360,2684795.92,199.63,7,2,13448.86
439,2,6,6,2,292,Rightmove_PROP_886870,2026-05-21 18:14:32.255360,15004366.89,924.5,6,1,16229.71
440,2,6,2,2,202,Rightmove_PROP_115751,2026-05-21 18:14:32.255360,13967795.33,1105.18,6,4,12638.48
441,2,7,7,2,228,Rightmove_PROP_109416,2026-05-21 18:14:32.255360,10274228.91,480.04,5,5,21402.86
442,2,7,7,2,293,Rightmove_PROP_925566,2026-05-21 18:14:32.255360,8956858.95,452.6,7,2,19789.79
443,2,10,2,2,294,Rightmove_PROP_803496,2026-05-21 18:14:32.255360,5123369.99,310.64,3,4,16492.95
444,2,9,2,2,210,Rightmove_PROP_883208,2026-05-21 18:14:32.255360,7236574.47,523.88,2,6,13813.42
445,2,6,2,2,273,Rightmove_PROP_642151,2026-05-21 18:14:32.255360,1501998.08,70.93,3,6,21175.78
446,2,10,7,2,153,Rightmove_PROP_651229,2026-05-21 18:14:32.255360,14692125.66,745.54,2,2,19706.69
447,2,7,1,2,295,Rightmove_PROP_100602,2026-05-21 18:14:32.255360,6387581.43,238.72,3,5,26757.63
448,2,6,6,2,296,Rightmove_PROP_60654,2026-05-21 18:14:32.255360,1702614.95,64.13,7,2,26549.43
449,2,10,8,2,131,Rightmove_PROP_359178,2026-05-21 18:14:32.255360,13062346.37,1086.79,8,6,12019.2
450,2,8,7,2,297,Rightmove_PROP_714947,2026-05-21 18:14:32.255360,9003507.59,338.97,2,4,26561.37
451,2,7,6,2,190,Rightmove_PROP_590040,2026-05-21 18:14:32.255360,18359577.91,864.07,5,2,21247.79
452,2,8,1,2,192,Rightmove_PROP_86950,2026-05-21 18:14:32.255360,3591611.15,168.1,6,4,21365.92
453,2,8,2,2,48,Rightmove_PROP_380087,2026-05-21 18:14:32.255360,18166416.32,1190.53,6,5,15259.1
454,2,8,1,2,298,Rightmove_PROP_238032,2026-05-21 18:14:32.255360,5920204.67,338.11,6,5,17509.7
455,2,6,8,2,299,Rightmove_PROP_937747,2026-05-21 18:14:32.255360,3952521.39,160.82,4,4,24577.3
456,2,10,1,2,253,Rightmove_PROP_859081,2026-05-21 18:14:32.255360,19039463.14,974.05,7,6,19546.7
457,2,10,7,2,300,Rightmove_PROP_946607,2026-05-21 18:14:32.255360,20126001.19,748.43,4,3,26890.96
458,2,7,7,2,161,Rightmove_PROP_110912,2026-05-21 18:14:32.255360,12425827.9,552.01,1,2,22510.15
459,2,6,8,2,150,Rightmove_PROP_443142,2026-05-21 18:14:32.255360,18512535.29,823.5,4,5,22480.31
460,2,9,6,2,37,Rightmove_PROP_122969,2026-05-21 18:14:32.255360,6285799.94,513.3,6,6,12245.86
461,2,10,2,2,80,Rightmove_PROP_765346,2026-05-21 18:14:32.255360,6972000.42,446.33,5,6,15620.73
462,2,8,2,2,132,Rightmove_PROP_986929,2026-05-21 18:14:32.255360,6779620.66,515.24,1,3,13158.18
463,2,10,2,2,287,Rightmove_PROP_841580,2026-05-21 18:14:32.255360,17791650.65,846.79,5,5,21010.7
464,2,9,6,2,301,Rightmove_PROP_221220,2026-05-21 18:14:32.255360,10904108.25,601.68,8,5,18122.77
465,2,6,7,2,43,Rightmove_PROP_458781,2026-05-21 18:14:32.255360,14180990.5,854.45,7,3,16596.63
466,2,9,8,2,94,Rightmove_PROP_277099,2026-05-21 18:14:32.255360,7391803.9,453.34,3,4,16305.21
467,2,6,6,2,302,Rightmove_PROP_310777,2026-05-21 18:14:32.255360,16052510.67,1053.02,4,2,15244.26
468,2,9,1,2,221,Rightmove_PROP_33911,2026-05-21 18:14:32.255360,18014734.64,825.56,2,1,21821.23
469,2,10,6,2,65,Rightmove_PROP_548671,2026-05-21 18:14:32.255360,16170904.8,613.65,6,5,26352.0
470,2,6,2,2,303,Rightmove_PROP_730786,2026-05-21 18:14:32.255360,18604307.77,911.45,5,4,20411.77
471,2,7,8,2,304,Rightmove_PROP_592560,2026-05-21 18:14:32.255360,11628120.92,573.06,6,4,20291.28
472,2,10,1,2,108,Rightmove_PROP_17991,2026-05-21 18:14:32.255360,6799404.78,420.88,7,5,16155.21
473,2,9,6,2,128,Rightmove_PROP_606227,2026-05-21 18:14:32.255360,14416136.31,621.08,6,3,23211.4
474,2,6,2,2,206,Rightmove_PROP_668920,2026-05-21 18:14:32.255360,3072136.76,213.45,7,4,14392.77
475,2,8,6,2,91,Rightmove_PROP_792653,2026-05-21 18:14:32.255360,19987757.09,952.06,3,6,20994.22
476,2,10,1,2,305,Rightmove_PROP_809825,2026-05-21 18:14:32.255360,11430298.67,595.4,1,2,19197.68
477,2,9,2,2,5,Rightmove_PROP_729893,2026-05-21 18:14:32.255360,11907418.95,520.58,5,3,22873.37
478,2,7,2,2,198,Rightmove_PROP_932999,2026-05-21 18:14:32.255360,10257992.24,420.48,3,3,24395.91
479,2,7,6,2,293,Rightmove_PROP_908907,2026-05-21 18:14:32.255360,9919639.52,441.89,2,1,22448.21
480,2,8,7,2,306,Rightmove_PROP_13287,2026-05-21 18:14:32.255360,6471290.4,523.16,8,3,12369.62
481,2,9,8,2,137,Rightmove_PROP_218606,2026-05-21 18:14:32.255360,4273164.66,163.98,4,2,26059.06
482,2,8,2,2,77,Rightmove_PROP_652403,2026-05-21 18:14:32.255360,20418799.88,758.91,2,1,26905.43
483,2,6,7,2,11,Rightmove_PROP_194065,2026-05-21 18:14:32.255360,2449447.44,196.63,8,6,12457.14
484,2,7,6,2,307,Rightmove_PROP_171931,2026-05-21 18:14:32.255360,17116325.23,1094.81,7,5,15634.06
485,2,9,6,2,161,Rightmove_PROP_954690,2026-05-21 18:14:32.255360,1380149.11,57.19,5,2,24132.7
486,2,8,2,2,308,Rightmove_PROP_922724,2026-05-21 18:14:32.255360,13831272.69,1138.74,1,6,12146.12
487,2,7,1,2,309,Rightmove_PROP_43977,2026-05-21 18:14:32.255360,4991544.36,262.8,1,5,18993.7
488,2,8,6,2,4,Rightmove_PROP_299167,2026-05-21 18:14:32.255360,12908469.02,532.69,4,3,24232.61
489,2,9,7,2,302,Rightmove_PROP_505353,2026-05-21 18:14:32.255360,17145333.41,1030.77,5,4,16633.52
490,2,8,7,2,202,Rightmove_PROP_10515,2026-05-21 18:14:32.255360,1385712.32,67.4,8,2,20559.53
491,2,9,7,2,310,Rightmove_PROP_177238,2026-05-21 18:14:32.255360,12750943.82,884.81,3,6,14410.94
492,2,8,7,2,311,Rightmove_PROP_107464,2026-05-21 18:14:32.255360,11290503.16,849.96,8,3,13283.57
493,2,10,7,2,231,Rightmove_PROP_247227,2026-05-21 18:14:32.255360,4076323.53,254.75,7,1,16001.27
494,2,10,1,2,110,Rightmove_PROP_875625,2026-05-21 18:14:32.255360,17376926.28,896.95,7,4,19373.35
495,2,7,8,2,312,Rightmove_PROP_212296,2026-05-21 18:14:32.255360,7087958.3,274.53,5,4,25818.52
496,2,6,6,2,313,Rightmove_PROP_554614,2026-05-21 18:14:32.255360,17645811.78,962.52,6,1,18332.93
497,2,10,2,2,302,Rightmove_PROP_71691,2026-05-21 18:14:32.255360,6883551.62,473.97,8,6,14523.18
498,2,9,8,2,314,Rightmove_PROP_849750,2026-05-21 18:14:32.255360,11981740.6,855.03,1,3,14013.24
499,2,7,7,2,315,Rightmove_PROP_748766,2026-05-21 18:14:32.255360,1643306.57,69.66,8,6,23590.39
500,2,8,6,2,147,Rightmove_PROP_382854,2026-05-21 18:14:32.255360,4639871.22,264.19,5,5,17562.63
501,2,7,2,2,97,Rightmove_PROP_134908,2026-05-21 18:14:32.255360,11656281.43,564.04,3,1,20665.7
502,2,8,1,2,316,Rightmove_PROP_586658,2026-05-21 18:14:32.255360,16758943.65,753.06,8,5,22254.46
503,2,10,8,2,317,Rightmove_PROP_79002,2026-05-21 18:14:32.255360,3780688.7,278.4,3,2,13580.06
504,2,8,6,2,300,Rightmove_PROP_29913,2026-05-21 18:14:32.255360,3661959.34,299.93,5,1,12209.38
505,2,8,8,2,318,Rightmove_PROP_869706,2026-05-21 18:14:32.255360,12122651.08,461.87,8,6,26246.89
506,2,10,2,2,319,Rightmove_PROP_816542,2026-05-21 18:14:32.255360,11831133.85,893.12,5,5,13246.97
507,2,10,8,2,196,Rightmove_PROP_410227,2026-05-21 18:14:32.255360,4216058.8,263.83,4,5,15980.21
508,2,10,1,2,275,Rightmove_PROP_423555,2026-05-21 18:14:32.255360,12898990.09,627.92,3,5,20542.41
509,2,9,2,2,267,Rightmove_PROP_146992,2026-05-21 18:14:32.255360,20038519.36,1192.39,1,5,16805.34
510,2,9,8,2,320,Rightmove_PROP_664826,2026-05-21 18:14:32.255360,2231197.57,153.9,5,5,14497.71
511,2,7,1,2,101,Rightmove_PROP_227824,2026-05-21 18:14:32.255360,4033605.53,151.15,4,3,26686.11
512,2,9,6,2,198,Rightmove_PROP_504481,2026-05-21 18:14:32.255360,17354614.55,732.49,3,4,23692.63
513,2,7,8,2,321,Rightmove_PROP_232573,2026-05-21 18:14:32.255360,13688981.98,650.66,7,1,21038.61
514,2,9,6,2,322,Rightmove_PROP_914073,2026-05-21 18:14:32.255360,1794805.45,140.34,3,2,12788.98
515,2,8,2,2,141,Rightmove_PROP_605790,2026-05-21 18:14:32.255360,14034284.96,925.15,7,6,15169.74
516,2,6,2,2,312,Rightmove_PROP_535026,2026-05-21 18:14:32.255360,8092611.7,352.53,4,2,22955.81
517,2,8,6,2,271,Rightmove_PROP_734761,2026-05-21 18:14:32.255360,5146307.94,415.45,6,3,12387.31
518,2,9,2,2,323,Rightmove_PROP_864192,2026-05-21 18:14:32.255360,8713558.5,553.74,8,5,15735.83
519,2,10,8,2,167,Rightmove_PROP_295891,2026-05-21 18:14:32.255360,12811287.13,1048.41,1,2,12219.73
520,2,9,6,2,324,Rightmove_PROP_583464,2026-05-21 18:14:32.255360,4370851.46,286.41,8,1,15260.82
521,2,7,6,2,23,Rightmove_PROP_553486,2026-05-21 18:14:32.255360,9805410.62,479.98,3,6,20428.79
522,2,9,1,2,96,Rightmove_PROP_370993,2026-05-21 18:14:32.255360,14597428.9,801.25,5,1,18218.32
523,2,8,2,2,50,Rightmove_PROP_129253,2026-05-21 18:14:32.255360,16716562.2,623.25,2,2,26821.6
524,2,7,7,2,176,Rightmove_PROP_925657,2026-05-21 18:14:32.255360,20763548.63,904.77,6,4,22948.98
525,2,9,1,2,325,Rightmove_PROP_607113,2026-05-21 18:14:32.255360,14560361.57,803.76,3,3,18115.31
526,2,6,6,2,265,Rightmove_PROP_131254,2026-05-21 18:14:32.255360,11657689.26,537.57,4,5,21685.9
527,2,6,2,2,258,Rightmove_PROP_115776,2026-05-21 18:14:32.255360,9569352.37,688.73,3,3,13894.2
528,2,6,8,2,326,Rightmove_PROP_867979,2026-05-21 18:14:32.255360,9942440.56,395.37,6,4,25147.18
529,2,9,1,2,289,Rightmove_PROP_483329,2026-05-21 18:14:32.255360,5630542.03,258.38,4,1,21791.71
530,2,7,1,2,293,Rightmove_PROP_328573,2026-05-21 18:14:32.255360,9026813.12,459.95,4,2,19625.64
531,2,8,7,2,313,Rightmove_PROP_231852,2026-05-21 18:14:32.255360,9251788.95,592.29,3,4,15620.37
532,2,7,6,2,41,Rightmove_PROP_273599,2026-05-21 18:14:32.255360,11707094.75,538.83,6,4,21726.88
533,2,9,6,2,319,Rightmove_PROP_329656,2026-05-21 18:14:32.255360,7183849.88,566.61,1,5,12678.65
534,2,7,6,2,91,Rightmove_PROP_875479,2026-05-21 18:14:32.255360,8199238.46,641.13,1,5,12788.73
535,2,9,7,2,327,Rightmove_PROP_824385,2026-05-21 18:14:32.255360,8871263.21,385.05,8,2,23039.25
536,2,8,8,2,328,Rightmove_PROP_61787,2026-05-21 18:14:32.255360,6186772.42,498.99,2,2,12398.59
537,2,10,8,2,325,Rightmove_PROP_635640,2026-05-21 18:14:32.255360,3391611.03,143.53,8,6,23629.98
538,2,6,1,2,186,Rightmove_PROP_603013,2026-05-21 18:14:32.255360,7703710.92,402.49,1,4,19140.13
539,2,6,1,2,329,Rightmove_PROP_673660,2026-05-21 18:14:32.255360,1180716.35,59.1,1,5,19978.28
540,2,8,1,2,29,Rightmove_PROP_79805,2026-05-21 18:14:32.255360,12302991.79,569.07,4,5,21619.47
541,2,7,7,2,191,Rightmove_PROP_573414,2026-05-21 18:14:32.255360,2721929.65,216.24,4,1,12587.54
542,2,7,2,2,330,Rightmove_PROP_227530,2026-05-21 18:14:32.255360,1509405.71,101.63,5,3,14851.97
543,2,7,2,2,6,Rightmove_PROP_950637,2026-05-21 18:14:32.255360,18817793.49,1120.86,3,4,16788.71
544,2,10,6,2,261,Rightmove_PROP_56175,2026-05-21 18:14:32.255360,3284696.28,200.4,2,3,16390.7
545,2,6,1,2,170,Rightmove_PROP_48219,2026-05-21 18:14:32.255360,16263162.44,603.63,1,1,26942.27
546,2,8,1,2,186,Rightmove_PROP_246970,2026-05-21 18:14:32.255360,14563832.39,1176.04,4,6,12383.79
547,2,6,2,2,331,Rightmove_PROP_229648,2026-05-21 18:14:32.255360,9557791.83,430.53,7,4,22200.06
548,2,9,7,2,3,Rightmove_PROP_618956,2026-05-21 18:14:32.255360,7624585.56,630.23,2,3,12098.1
549,2,8,2,2,55,Rightmove_PROP_86184,2026-05-21 18:14:32.255360,9712418.9,426.74,1,2,22759.57
550,2,10,1,2,184,Rightmove_PROP_421505,2026-05-21 18:14:32.255360,18669610.63,1075.33,8,2,17361.75
551,2,10,2,2,130,Rightmove_PROP_813479,2026-05-21 18:14:32.255360,14574399.78,686.23,5,5,21238.36
552,2,9,8,2,332,Rightmove_PROP_511636,2026-05-21 18:14:32.255360,8973884.15,436.72,3,3,20548.37
553,2,8,1,2,269,Rightmove_PROP_972595,2026-05-21 18:14:32.255360,11579536.86,864.87,2,3,13388.76
554,2,8,7,2,333,Rightmove_PROP_319890,2026-05-21 18:14:32.255360,3113548.8,247.14,4,5,12598.32
555,2,8,2,2,97,Rightmove_PROP_386700,2026-05-21 18:14:32.255360,6278197.99,264.69,1,4,23719.06
556,2,9,1,2,40,Rightmove_PROP_928393,2026-05-21 18:14:32.255360,5132615.61,281.99,2,5,18201.41
557,2,10,7,2,124,Rightmove_PROP_331051,2026-05-21 18:14:32.255360,5868667.02,429.95,1,6,13649.65
558,2,9,8,2,135,Rightmove_PROP_45288,2026-05-21 18:14:32.255360,6827136.21,415.62,5,6,16426.39
559,2,10,7,2,221,Rightmove_PROP_8773,2026-05-21 18:14:32.255360,3713050.57,177.2,3,2,20954.01
560,2,7,7,2,150,Rightmove_PROP_570303,2026-05-21 18:14:32.255360,1005244.98,78.49,8,1,12807.3
561,2,8,6,2,334,Rightmove_PROP_372077,2026-05-21 18:14:32.255360,18980843.34,756.84,3,6,25079.07
562,2,7,8,2,233,Rightmove_PROP_386553,2026-05-21 18:14:32.255360,3530410.51,152.32,8,5,23177.59
563,2,9,7,2,255,Rightmove_PROP_520997,2026-05-21 18:14:32.255360,2368840.81,120.5,8,4,19658.43
564,2,9,2,2,7,Rightmove_PROP_547516,2026-05-21 18:14:32.255360,7041917.77,513.57,3,5,13711.7
565,2,9,2,2,234,Rightmove_PROP_524279,2026-05-21 18:14:32.255360,4662181.78,320.55,8,4,14544.32
566,2,9,1,2,36,Rightmove_PROP_740668,2026-05-21 18:14:32.255360,15232031.07,673.93,7,4,22601.8
567,2,7,6,2,177,Rightmove_PROP_791085,2026-05-21 18:14:32.255360,8047343.2,420.81,2,5,19123.46
568,2,10,2,2,21,Rightmove_PROP_787847,2026-05-21 18:14:32.255360,5494190.96,423.16,2,6,12983.72
569,2,7,8,2,335,Rightmove_PROP_162881,2026-05-21 18:14:32.255360,12414468.54,568.19,3,6,21849.15
570,2,10,1,2,73,Rightmove_PROP_341724,2026-05-21 18:14:32.255360,14189050.42,767.12,7,6,18496.52
571,2,6,6,2,69,Rightmove_PROP_404448,2026-05-21 18:14:32.255360,19031356.66,1019.04,3,2,18675.77
572,2,6,1,2,336,Rightmove_PROP_327598,2026-05-21 18:14:32.255360,4760369.72,211.32,1,1,22526.83
573,2,10,1,2,337,Rightmove_PROP_482394,2026-05-21 18:14:32.255360,14368464.45,764.85,7,4,18785.99
574,2,9,1,2,153,Rightmove_PROP_979389,2026-05-21 18:14:32.255360,11249265.76,712.52,3,4,15788.0
575,2,7,2,2,105,Rightmove_PROP_961108,2026-05-21 18:14:32.255360,9684151.86,701.21,6,1,13810.63
576,2,10,1,2,241,Rightmove_PROP_854849,2026-05-21 18:14:32.255360,10342124.68,649.48,5,4,15923.7
577,2,10,2,2,203,Rightmove_PROP_781813,2026-05-21 18:14:32.255360,13251503.06,1088.64,5,5,12172.53
578,2,8,2,2,338,Rightmove_PROP_944640,2026-05-21 18:14:32.255360,19195765.21,1154.47,6,4,16627.34
579,2,7,7,2,222,Rightmove_PROP_563528,2026-05-21 18:14:32.255360,16037673.28,712.75,5,1,22501.12
580,2,7,8,2,339,Rightmove_PROP_667746,2026-05-21 18:14:32.255360,4698959.41,191.48,5,4,24540.21
581,2,9,7,2,104,Rightmove_PROP_581235,2026-05-21 18:14:32.255360,17686789.79,742.41,5,1,23823.48
582,2,6,7,2,311,Rightmove_PROP_100425,2026-05-21 18:14:32.255360,16930752.86,968.27,4,4,17485.57
583,2,7,1,2,276,Rightmove_PROP_390558,2026-05-21 18:14:32.255360,7100606.6,319.83,8,4,22201.19
584,2,9,8,2,340,Rightmove_PROP_278304,2026-05-21 18:14:32.255360,4013361.74,238.58,5,1,16821.87
585,2,7,1,2,288,Rightmove_PROP_56990,2026-05-21 18:14:32.255360,15377081.59,593.15,7,6,25924.44
586,2,8,6,2,330,Rightmove_PROP_834106,2026-05-21 18:14:32.255360,2780940.43,157.46,6,5,17661.25
587,2,9,7,2,160,Rightmove_PROP_572976,2026-05-21 18:14:32.255360,6586881.38,339.92,5,3,19377.74
588,2,7,1,2,153,Rightmove_PROP_383381,2026-05-21 18:14:32.255360,4937134.28,406.83,6,6,12135.62
589,2,10,2,2,341,Rightmove_PROP_794939,2026-05-21 18:14:32.255360,7229683.34,451.0,2,6,16030.34
590,2,7,1,2,338,Rightmove_PROP_937734,2026-05-21 18:14:32.255360,9108080.02,337.6,2,6,26978.91
591,2,9,6,2,23,Rightmove_PROP_858384,2026-05-21 18:14:32.255360,12305915.87,946.74,6,3,12998.2
592,2,9,7,2,65,Rightmove_PROP_484802,2026-05-21 18:14:32.255360,13340534.9,612.94,3,4,21764.83
593,2,10,1,2,141,Rightmove_PROP_149113,2026-05-21 18:14:32.255360,15005015.57,1099.06,7,2,13652.59
594,2,9,6,2,342,Rightmove_PROP_951688,2026-05-21 18:14:32.255360,10072446.95,799.06,1,4,12605.37
595,2,9,6,2,295,Rightmove_PROP_191153,2026-05-21 18:14:32.255360,14121546.23,597.25,1,5,23644.28
596,2,8,8,2,206,Rightmove_PROP_139455,2026-05-21 18:14:32.255360,3346751.45,137.93,2,3,24264.13
597,2,7,8,2,290,Rightmove_PROP_828261,2026-05-21 18:14:32.255360,5348974.76,390.2,7,6,13708.29
598,2,10,6,2,140,Rightmove_PROP_736544,2026-05-21 18:14:32.255360,5758980.58,268.02,4,2,21487.13
599,2,7,7,2,66,Rightmove_PROP_721973,2026-05-21 18:14:32.255360,20241355.3,1161.39,8,5,17428.56
600,2,10,8,2,343,Rightmove_PROP_765199,2026-05-21 18:14:32.255360,7502947.41,589.26,3,4,12732.83
601,2,10,1,2,344,Rightmove_PROP_321501,2026-05-21 18:14:32.255360,12270860.73,571.89,1,3,21456.68
602,2,10,2,2,219,Rightmove_PROP_596808,2026-05-21 18:14:32.255360,16112001.9,927.68,3,3,17368.06
603,2,8,1,2,224,Rightmove_PROP_305067,2026-05-21 18:14:32.255360,6979023.45,551.65,6,5,12651.18
604,2,7,6,2,345,Rightmove_PROP_814684,2026-05-21 18:14:32.255360,3707078.4,138.23,3,1,26818.19
605,2,9,6,2,346,Rightmove_PROP_844889,2026-05-21 18:14:32.255360,5766981.7,283.12,8,6,20369.39
606,2,6,2,2,176,Rightmove_PROP_137872,2026-05-21 18:14:32.255360,11710307.82,873.36,1,5,13408.34
607,2,7,2,2,38,Rightmove_PROP_314593,2026-05-21 18:14:32.255360,9014156.21,364.27,4,4,24745.81
608,2,8,6,2,339,Rightmove_PROP_826583,2026-05-21 18:14:32.255360,1648959.46,107.4,3,2,15353.44
609,2,10,1,2,167,Rightmove_PROP_919384,2026-05-21 18:14:32.255360,13952352.32,529.02,8,5,26373.96
610,2,9,1,2,347,Rightmove_PROP_683755,2026-05-21 18:14:32.255360,16302781.43,1049.72,2,2,15530.6
611,2,10,6,2,187,Rightmove_PROP_398739,2026-05-21 18:14:32.255360,4843713.73,250.66,3,2,19323.84
612,2,9,1,2,348,Rightmove_PROP_57302,2026-05-21 18:14:32.255360,11978404.89,844.5,6,2,14184.02
613,2,8,1,2,349,Rightmove_PROP_462551,2026-05-21 18:14:32.255360,16482770.18,742.2,6,2,22207.99
614,2,8,7,2,49,Rightmove_PROP_446030,2026-05-21 18:14:32.255360,15431880.95,895.29,1,6,17236.74
615,2,7,1,2,118,Rightmove_PROP_361868,2026-05-21 18:14:32.255360,2217651.08,91.27,1,4,24297.7
616,2,8,6,2,240,Rightmove_PROP_769529,2026-05-21 18:14:32.255360,3937640.97,322.79,2,4,12198.77
617,2,6,1,2,262,Rightmove_PROP_343823,2026-05-21 18:14:32.255360,15603881.82,793.02,6,3,19676.53
618,2,8,2,2,104,Rightmove_PROP_845603,2026-05-21 18:14:32.255360,17311369.03,936.47,1,4,18485.77
619,2,8,8,2,325,Rightmove_PROP_17978,2026-05-21 18:14:32.255360,15827455.88,658.21,2,4,24046.21
620,2,7,2,2,227,Rightmove_PROP_426239,2026-05-21 18:14:32.255360,20499949.3,761.63,4,6,26915.89
621,2,9,8,2,262,Rightmove_PROP_335133,2026-05-21 18:14:32.255360,10404799.47,582.48,2,4,17862.93
622,2,10,2,2,156,Rightmove_PROP_571795,2026-05-21 18:14:32.255360,6302074.66,320.62,4,2,19655.9
623,2,6,1,2,242,Rightmove_PROP_979005,2026-05-21 18:14:32.255360,8065451.6,626.62,6,3,12871.36
624,2,8,2,2,106,Rightmove_PROP_640624,2026-05-21 18:14:32.255360,12913145.22,567.04,2,4,22772.9
625,2,7,1,2,69,Rightmove_PROP_317499,2026-05-21 18:14:32.255360,9292996.81,557.66,8,3,16664.27
626,2,6,2,2,118,Rightmove_PROP_288428,2026-05-21 18:14:32.255360,15870164.09,802.4,6,4,19778.37
627,2,9,8,2,161,Rightmove_PROP_758276,2026-05-21 18:14:32.255360,15310940.48,571.6,3,3,26786.11
628,2,6,1,2,104,Rightmove_PROP_204718,2026-05-21 18:14:32.255360,3815479.7,180.04,3,2,21192.4
629,2,6,2,2,307,Rightmove_PROP_775984,2026-05-21 18:14:32.255360,12665954.53,890.04,8,3,14230.77
630,2,10,6,2,350,Rightmove_PROP_416003,2026-05-21 18:14:32.255360,3379665.02,151.82,4,4,22261.0
631,2,9,2,2,231,Rightmove_PROP_761871,2026-05-21 18:14:32.255360,9499885.61,504.18,1,6,18842.25
632,2,6,7,2,351,Rightmove_PROP_211378,2026-05-21 18:14:32.255360,2924511.44,121.36,8,5,24097.82
633,2,9,6,2,284,Rightmove_PROP_134966,2026-05-21 18:14:32.255360,12279892.83,865.34,3,5,14190.83
634,2,10,1,2,352,Rightmove_PROP_463244,2026-05-21 18:14:32.255360,3128341.03,188.42,5,3,16603.02
635,2,8,7,2,156,Rightmove_PROP_276130,2026-05-21 18:14:32.255360,5846236.76,476.05,8,6,12280.72
636,2,10,1,2,168,Rightmove_PROP_476951,2026-05-21 18:14:32.255360,8138696.66,457.78,6,4,17778.62
637,2,9,8,2,340,Rightmove_PROP_525891,2026-05-21 18:14:32.255360,9534355.1,638.52,5,3,14931.96
638,2,6,2,2,283,Rightmove_PROP_17756,2026-05-21 18:14:32.255360,6382141.07,358.54,6,3,17800.36
639,2,6,8,2,202,Rightmove_PROP_494330,2026-05-21 18:14:32.255360,8300859.11,475.83,3,5,17445.01
640,2,6,1,2,353,Rightmove_PROP_621169,2026-05-21 18:14:32.255360,7307297.3,527.03,4,2,13865.05
641,2,9,1,2,68,Rightmove_PROP_926290,2026-05-21 18:14:32.255360,4309310.5,301.82,5,1,14277.75
642,2,6,1,2,354,Rightmove_PROP_577367,2026-05-21 18:14:32.255360,3250535.09,134.78,2,4,24117.34
643,2,10,2,2,355,Rightmove_PROP_819536,2026-05-21 18:14:32.255360,18413894.24,1094.35,1,4,16826.33
644,2,10,2,2,59,Rightmove_PROP_383349,2026-05-21 18:14:32.255360,3476387.3,258.42,4,5,13452.47
645,2,10,2,2,285,Rightmove_PROP_284785,2026-05-21 18:14:32.255360,12857047.75,871.76,1,5,14748.38
646,2,10,1,2,6,Rightmove_PROP_850592,2026-05-21 18:14:32.255360,8233319.96,552.81,8,3,14893.58
647,2,8,1,2,205,Rightmove_PROP_955884,2026-05-21 18:14:32.255360,17984258.72,924.43,4,4,19454.43
648,2,9,7,2,356,Rightmove_PROP_248375,2026-05-21 18:14:32.255360,11880979.62,615.24,1,1,19311.13
649,2,8,1,2,131,Rightmove_PROP_551116,2026-05-21 18:14:32.255360,6696445.44,263.05,7,3,25456.93
650,2,9,1,2,236,Rightmove_PROP_744338,2026-05-21 18:14:32.255360,16723192.5,821.27,1,6,20362.6
651,2,6,6,2,357,Rightmove_PROP_973293,2026-05-21 18:14:32.255360,13249457.42,901.35,7,6,14699.57
652,2,9,1,2,156,Rightmove_PROP_567064,2026-05-21 18:14:32.255360,16670550.9,1013.02,7,1,16456.29
653,2,8,8,2,254,Rightmove_PROP_956897,2026-05-21 18:14:32.255360,8766112.68,619.35,2,3,14153.73
654,2,10,6,2,67,Rightmove_PROP_323421,2026-05-21 18:14:32.255360,12520006.49,743.29,1,2,16844.04
655,2,10,2,2,173,Rightmove_PROP_570164,2026-05-21 18:14:32.255360,7710865.85,384.07,8,4,20076.72
656,2,7,2,2,78,Rightmove_PROP_952716,2026-05-21 18:14:32.255360,20383723.87,1061.55,1,1,19201.85
657,2,8,8,2,358,Rightmove_PROP_440595,2026-05-21 18:14:32.255360,20153378.85,1066.83,1,2,18890.9
658,2,8,8,2,205,Rightmove_PROP_843949,2026-05-21 18:14:32.255360,11957206.97,594.68,8,6,20106.96
659,2,7,6,2,173,Rightmove_PROP_75105,2026-05-21 18:14:32.255360,1629092.65,115.94,6,3,14051.17
660,2,7,8,2,46,Rightmove_PROP_417015,2026-05-21 18:14:32.255360,10029960.27,539.51,6,4,18590.87
661,2,6,1,2,53,Rightmove_PROP_427095,2026-05-21 18:14:32.255360,18507384.9,1096.5,5,5,16878.6
662,2,7,7,2,230,Rightmove_PROP_340467,2026-05-21 18:14:32.255360,11404022.49,701.1,1,4,16265.9
663,2,10,7,2,335,Rightmove_PROP_310169,2026-05-21 18:14:32.255360,8270255.08,417.4,7,5,19813.74
664,2,9,6,2,75,Rightmove_PROP_967852,2026-05-21 18:14:32.255360,9270339.02,464.65,6,2,19951.23
665,2,10,2,2,359,Rightmove_PROP_544621,2026-05-21 18:14:32.255360,1841400.76,99.9,4,3,18432.44
666,2,10,2,2,360,Rightmove_PROP_6488,2026-05-21 18:14:32.255360,7394094.99,360.74,2,5,20497.02
667,2,10,7,2,361,Rightmove_PROP_371905,2026-05-21 18:14:32.255360,6073819.87,276.09,5,4,21999.42
668,2,9,2,2,8,Rightmove_PROP_893566,2026-05-21 18:14:32.255360,9310967.26,648.22,7,5,14363.9
669,2,9,6,2,136,Rightmove_PROP_245888,2026-05-21 18:14:32.255360,12645627.4,777.19,7,3,16270.96
670,2,9,2,2,327,Rightmove_PROP_578210,2026-05-21 18:14:32.255360,2806121.34,176.16,4,4,15929.39
671,2,8,2,2,217,Rightmove_PROP_402937,2026-05-21 18:14:32.255360,3469362.94,278.3,7,4,12466.27
672,2,10,6,2,141,Rightmove_PROP_121163,2026-05-21 18:14:32.255360,12828900.44,503.41,6,6,25484.0
673,2,7,8,2,266,Rightmove_PROP_567826,2026-05-21 18:14:32.255360,7969741.86,319.98,5,4,24907.0
674,2,8,1,2,362,Rightmove_PROP_529296,2026-05-21 18:14:32.255360,2760049.0,168.37,7,2,16392.76
675,2,7,8,2,50,Rightmove_PROP_331750,2026-05-21 18:14:32.255360,17685571.68,853.06,8,5,20731.92
676,2,10,1,2,245,Rightmove_PROP_226163,2026-05-21 18:14:32.255360,7161622.55,402.21,5,5,17805.68
677,2,6,7,2,148,Rightmove_PROP_265268,2026-05-21 18:14:32.255360,18788412.15,774.21,4,2,24267.85
678,2,6,7,2,363,Rightmove_PROP_830490,2026-05-21 18:14:32.255360,17625855.81,740.44,2,3,23804.57
679,2,10,1,2,167,Rightmove_PROP_983620,2026-05-21 18:14:32.255360,819949.3,48.55,8,6,16888.76
680,2,6,1,2,364,Rightmove_PROP_630730,2026-05-21 18:14:32.255360,18877522.92,960.5,3,5,19653.85
681,2,6,2,2,133,Rightmove_PROP_211627,2026-05-21 18:14:32.255360,2606801.26,142.48,6,3,18295.91
682,2,7,1,2,365,Rightmove_PROP_434575,2026-05-21 18:14:32.255360,16574328.55,1092.41,1,1,15172.26
683,2,10,6,2,366,Rightmove_PROP_635475,2026-05-21 18:14:32.255360,3200409.06,217.39,7,5,14721.97
684,2,7,6,2,60,Rightmove_PROP_912428,2026-05-21 18:14:32.255360,2737059.37,181.88,8,6,15048.71
685,2,9,7,2,278,Rightmove_PROP_645651,2026-05-21 18:14:32.255360,8391316.86,543.16,8,4,15449.07
686,2,6,6,2,367,Rightmove_PROP_694840,2026-05-21 18:14:32.255360,1233512.65,78.23,3,4,15767.77
687,2,8,6,2,114,Rightmove_PROP_370549,2026-05-21 18:14:32.255360,18514032.66,688.33,5,1,26897.03
688,2,7,8,2,252,Rightmove_PROP_835344,2026-05-21 18:14:32.255360,16326633.57,626.83,3,3,26046.35
689,2,7,6,2,368,Rightmove_PROP_104912,2026-05-21 18:14:32.255360,8131461.74,406.83,3,3,19987.37
690,2,9,6,2,65,Rightmove_PROP_795859,2026-05-21 18:14:32.255360,9400177.05,642.1,5,3,14639.74
691,2,6,2,2,138,Rightmove_PROP_148592,2026-05-21 18:14:32.255360,2724239.51,216.66,8,1,12573.8
692,2,8,6,2,312,Rightmove_PROP_567211,2026-05-21 18:14:32.255360,11639547.9,554.96,2,4,20973.67
693,2,6,8,2,369,Rightmove_PROP_176514,2026-05-21 18:14:32.255360,15394150.45,1047.74,6,1,14692.72
694,2,7,2,2,112,Rightmove_PROP_713450,2026-05-21 18:14:32.255360,12178344.88,652.55,4,5,18662.7
695,2,8,8,2,208,Rightmove_PROP_830130,2026-05-21 18:14:32.255360,15229726.5,831.92,6,1,18306.72
696,2,10,7,2,370,Rightmove_PROP_564439,2026-05-21 18:14:32.255360,11345559.96,576.57,3,1,19677.68
697,2,7,8,2,371,Rightmove_PROP_790323,2026-05-21 18:14:32.255360,9981275.95,420.28,6,1,23749.11
698,2,6,1,2,284,Rightmove_PROP_954207,2026-05-21 18:14:32.255360,5492418.83,418.26,1,6,13131.59
699,2,10,6,2,197,Rightmove_PROP_224111,2026-05-21 18:14:32.255360,15570363.61,1159.63,5,2,13427.01
700,2,8,6,2,233,Rightmove_PROP_971887,2026-05-21 18:14:32.255360,3486537.64,184.3,5,6,18917.73
701,2,7,1,2,109,Rightmove_PROP_399499,2026-05-21 18:14:32.255360,19953370.5,1006.02,6,6,19833.97
702,2,9,2,2,315,Rightmove_PROP_935509,2026-05-21 18:14:32.255360,18598983.87,981.7,7,1,18945.69
703,2,7,8,2,8,Rightmove_PROP_181307,2026-05-21 18:14:32.255360,2293386.33,136.46,5,4,16806.29
704,2,9,1,2,184,Rightmove_PROP_672273,2026-05-21 18:14:32.255360,13774248.88,681.4,7,3,20214.63
705,2,10,6,2,84,Rightmove_PROP_272304,2026-05-21 18:14:32.255360,8843722.2,721.33,5,3,12260.3
706,2,6,1,2,287,Rightmove_PROP_934926,2026-05-21 18:14:32.255360,8950256.32,525.77,7,1,17023.14
707,2,10,6,2,279,Rightmove_PROP_328747,2026-05-21 18:14:32.255360,3529393.46,179.76,1,1,19633.92
708,2,7,6,2,150,Rightmove_PROP_548232,2026-05-21 18:14:32.255360,19215170.04,842.71,5,5,22801.64
709,2,6,1,2,372,Rightmove_PROP_366967,2026-05-21 18:14:32.255360,14822995.06,987.44,1,2,15011.54
710,2,6,1,2,40,Rightmove_PROP_722968,2026-05-21 18:14:32.255360,2075696.69,144.44,7,6,14370.65
711,2,6,1,2,225,Rightmove_PROP_648532,2026-05-21 18:14:32.255360,1074739.68,67.67,8,4,15882.07
712,2,7,2,2,203,Rightmove_PROP_604490,2026-05-21 18:14:32.255360,11953342.09,506.63,5,1,23593.83
713,2,8,1,2,165,Rightmove_PROP_10924,2026-05-21 18:14:32.255360,6930069.23,532.42,1,5,13016.17
714,2,8,8,2,74,Rightmove_PROP_895130,2026-05-21 18:14:32.255360,8206664.15,562.82,8,5,14581.33
715,2,9,6,2,309,Rightmove_PROP_130794,2026-05-21 18:14:32.255360,19358698.54,723.75,4,5,26747.77
716,2,8,1,2,172,Rightmove_PROP_49891,2026-05-21 18:14:32.255360,12388112.54,815.45,4,3,15191.75
717,2,8,6,2,373,Rightmove_PROP_570336,2026-05-21 18:14:32.255360,12208009.6,688.14,5,2,17740.59
718,2,6,1,2,324,Rightmove_PROP_834438,2026-05-21 18:14:32.255360,7555761.89,542.37,1,1,13931.01
719,2,10,2,2,78,Rightmove_PROP_194872,2026-05-21 18:14:32.255360,15250481.64,1050.85,2,2,14512.52
720,2,7,6,2,220,Rightmove_PROP_273352,2026-05-21 18:14:32.255360,11035932.55,431.47,2,2,25577.52
721,2,10,1,2,305,Rightmove_PROP_403463,2026-05-21 18:14:32.255360,11283627.13,628.3,8,3,17958.98
722,2,6,1,2,96,Rightmove_PROP_449766,2026-05-21 18:14:32.255360,18011772.41,971.04,7,2,18548.95
723,2,7,7,2,17,Rightmove_PROP_600019,2026-05-21 18:14:32.255360,18950006.84,934.53,1,4,20277.58
724,2,9,6,2,374,Rightmove_PROP_458895,2026-05-21 18:14:32.255360,13359276.97,499.22,3,4,26760.3
725,2,9,8,2,75,Rightmove_PROP_730399,2026-05-21 18:14:32.255360,13048502.42,853.84,5,5,15282.14
726,2,7,6,2,358,Rightmove_PROP_70759,2026-05-21 18:14:32.255360,12555456.21,940.59,6,6,13348.49
727,2,6,2,2,181,Rightmove_PROP_713745,2026-05-21 18:14:32.255360,11098703.21,635.98,5,2,17451.34
728,2,10,2,2,269,Rightmove_PROP_308820,2026-05-21 18:14:32.255360,12171741.93,884.12,5,2,13767.07
729,2,9,2,2,285,Rightmove_PROP_593795,2026-05-21 18:14:32.255360,17622966.45,918.83,6,1,19179.79
730,2,8,7,2,102,Rightmove_PROP_457918,2026-05-21 18:14:32.255360,11041643.11,449.64,4,6,24556.63
731,2,6,6,2,375,Rightmove_PROP_45761,2026-05-21 18:14:32.255360,15689030.79,641.5,4,1,24456.79
732,2,8,6,2,373,Rightmove_PROP_712066,2026-05-21 18:14:32.255360,8269977.3,535.74,2,1,15436.55
733,2,7,6,2,24,Rightmove_PROP_800421,2026-05-21 18:14:32.255360,17961478.87,780.11,7,3,23024.29
734,3,11,3,3,146,Funda_PROP_977846,2026-05-21 18:14:32.255360,10000000.0,531.42,8,4,18817.51
735,3,12,9,3,155,Funda_PROP_474856,2026-05-21 18:14:32.255360,1229141.51,61.79,2,3,19892.24
736,3,13,5,3,376,Funda_PROP_943885,2026-05-21 18:14:32.255360,6486620.95,556.22,1,2,11661.97
737,3,14,3,3,233,Funda_PROP_227535,2026-05-21 18:14:32.255360,5497389.03,399.11,8,1,13774.12
738,3,15,5,3,377,Funda_PROP_835146,2026-05-21 18:14:32.255360,5699966.32,589.92,6,4,9662.27
739,3,12,5,3,378,Funda_PROP_170603,2026-05-21 18:14:32.255360,1193733.34,94.39,8,2,12646.82
740,3,12,1,3,141,Funda_PROP_579961,2026-05-21 18:14:32.255360,8645190.87,524.38,1,6,16486.5
741,3,13,4,3,371,Funda_PROP_227614,2026-05-21 18:14:32.255360,1407076.49,162.96,2,6,8634.49
742,3,15,3,3,207,Funda_PROP_95622,2026-05-21 18:14:32.255360,946100.92,114.99,8,5,8227.68
743,3,14,3,3,379,Funda_PROP_860870,2026-05-21 18:14:32.255360,2501962.15,302.2,8,1,8279.16
744,3,14,5,3,161,Funda_PROP_70339,2026-05-21 18:14:32.255360,4191470.2,289.04,1,5,14501.35
745,3,14,3,3,63,Funda_PROP_755766,2026-05-21 18:14:32.255360,3674624.16,239.02,5,1,15373.71
746,3,14,9,3,59,Funda_PROP_582343,2026-05-21 18:14:32.255360,1116843.84,100.66,1,3,11095.21
747,3,11,9,3,257,Funda_PROP_814850,2026-05-21 18:14:32.255360,3403700.97,362.83,4,2,9380.98
748,3,13,5,3,30,Funda_PROP_790777,2026-05-21 18:14:32.255360,445876.54,54.22,7,1,8223.47
749,3,15,9,3,380,Funda_PROP_280102,2026-05-21 18:14:32.255360,3713121.7,237.57,4,5,15629.59
750,3,14,1,3,39,Funda_PROP_356733,2026-05-21 18:14:32.255360,10000000.0,674.3,3,2,14830.19
751,3,15,1,3,6,Funda_PROP_814010,2026-05-21 18:14:32.255360,10000000.0,655.78,3,1,15249.02
752,3,13,3,3,245,Funda_PROP_205591,2026-05-21 18:14:32.255360,6710301.61,526.56,5,1,12743.66
753,3,14,4,3,310,Funda_PROP_26847,2026-05-21 18:14:32.255360,7136868.35,440.95,5,4,16185.21
754,3,13,5,3,195,Funda_PROP_437012,2026-05-21 18:14:32.255360,2147385.29,262.18,5,2,8190.5
755,3,14,9,3,361,Funda_PROP_762610,2026-05-21 18:14:32.255360,7929641.06,482.35,8,1,16439.6
756,3,12,4,3,381,Funda_PROP_851892,2026-05-21 18:14:32.255360,5246121.58,393.2,2,6,13342.12
757,3,13,5,3,104,Funda_PROP_771054,2026-05-21 18:14:32.255360,5632106.73,593.03,6,4,9497.17
758,3,14,5,3,248,Funda_PROP_637907,2026-05-21 18:14:32.255360,5554301.81,539.35,1,2,10298.14
759,3,15,1,3,332,Funda_PROP_619440,2026-05-21 18:14:32.255360,10000000.0,678.25,4,2,14743.83
760,3,14,9,3,382,Funda_PROP_975223,2026-05-21 18:14:32.255360,1092774.51,108.78,4,6,10045.73
761,3,15,4,3,29,Funda_PROP_958990,2026-05-21 18:14:32.255360,9700391.85,531.07,3,1,18265.75
762,3,15,1,3,185,Funda_PROP_97273,2026-05-21 18:14:32.255360,7665497.48,694.65,4,6,11035.05
763,3,12,9,3,245,Funda_PROP_369772,2026-05-21 18:14:32.255360,7765834.68,602.82,7,6,12882.51
764,3,15,5,3,383,Funda_PROP_849299,2026-05-21 18:14:32.255360,8120860.02,622.73,8,3,13040.74
765,3,13,9,3,106,Funda_PROP_786692,2026-05-21 18:14:32.255360,1506330.1,89.4,7,2,16849.33
766,3,12,9,3,113,Funda_PROP_827135,2026-05-21 18:14:32.255360,2116371.97,253.93,4,2,8334.47
767,3,11,4,3,384,Funda_PROP_183553,2026-05-21 18:14:32.255360,923381.9,106.71,6,3,8653.19
768,3,15,3,3,257,Funda_PROP_662083,2026-05-21 18:14:32.255360,4902519.49,543.13,2,5,9026.42
769,3,11,5,3,330,Funda_PROP_354912,2026-05-21 18:14:32.255360,4808878.29,555.46,6,6,8657.47
770,3,12,9,3,340,Funda_PROP_760862,2026-05-21 18:14:32.255360,3723210.22,406.91,2,6,9149.96
771,3,12,3,3,385,Funda_PROP_8219,2026-05-21 18:14:32.255360,3167312.36,343.7,1,4,9215.34
772,3,11,5,3,386,Funda_PROP_730524,2026-05-21 18:14:32.255360,1614545.84,106.82,6,5,15114.64
773,3,14,4,3,387,Funda_PROP_543283,2026-05-21 18:14:32.255360,2776101.25,271.34,3,6,10231.08
774,3,11,9,3,221,Funda_PROP_472265,2026-05-21 18:14:32.255360,5644951.16,376.23,3,3,15003.99
775,3,14,3,3,311,Funda_PROP_255092,2026-05-21 18:14:32.255360,3632302.95,228.56,8,3,15892.12
776,3,11,3,3,3,Funda_PROP_293216,2026-05-21 18:14:32.255360,2873951.89,164.95,1,4,17423.17
777,3,14,5,3,388,Funda_PROP_289534,2026-05-21 18:14:32.255360,6975784.97,601.59,8,5,11595.58
778,3,14,9,3,134,Funda_PROP_171811,2026-05-21 18:14:32.255360,1947079.16,180.9,8,1,10763.29
779,3,14,3,3,190,Funda_PROP_426799,2026-05-21 18:14:32.255360,10000000.0,571.84,8,6,17487.41
780,3,13,9,3,249,Funda_PROP_25791,2026-05-21 18:14:32.255360,6290683.16,403.87,2,3,15576.01
781,3,13,9,3,224,Funda_PROP_166132,2026-05-21 18:14:32.255360,2259769.44,223.93,1,2,10091.41
782,3,15,3,3,387,Funda_PROP_281202,2026-05-21 18:14:32.255360,2734175.16,152.09,3,2,17977.35
783,3,12,9,3,120,Funda_PROP_947265,2026-05-21 18:14:32.255360,3402857.56,338.38,6,2,10056.32
784,3,15,5,3,389,Funda_PROP_760664,2026-05-21 18:14:32.255360,8951134.43,622.01,2,1,14390.66
785,3,13,1,3,390,Funda_PROP_969285,2026-05-21 18:14:32.255360,10000000.0,647.47,7,6,15444.73
786,3,14,1,3,391,Funda_PROP_179077,2026-05-21 18:14:32.255360,10000000.0,615.45,4,1,16248.27
787,3,11,5,3,327,Funda_PROP_989391,2026-05-21 18:14:32.255360,7475618.19,534.62,2,2,13983.05
788,3,14,1,3,92,Funda_PROP_933232,2026-05-21 18:14:32.255360,6545446.83,510.91,6,5,12811.35
789,3,15,9,3,392,Funda_PROP_731019,2026-05-21 18:14:32.255360,4396843.62,335.63,4,2,13100.27
790,3,15,3,3,393,Funda_PROP_568595,2026-05-21 18:14:32.255360,1519175.84,124.33,6,3,12218.9
791,3,11,5,3,284,Funda_PROP_435780,2026-05-21 18:14:32.255360,4083326.16,345.92,6,4,11804.25
792,3,11,3,3,394,Funda_PROP_679677,2026-05-21 18:14:32.255360,8406513.16,464.16,8,2,18111.24
793,3,15,9,3,395,Funda_PROP_385322,2026-05-21 18:14:32.255360,1366899.55,113.86,5,2,12005.09
794,3,13,1,3,309,Funda_PROP_386311,2026-05-21 18:14:32.255360,2954101.18,161.78,5,6,18259.99
795,3,15,1,3,396,Funda_PROP_711907,2026-05-21 18:14:32.255360,7487757.14,581.84,1,3,12869.1
796,3,11,5,3,207,Funda_PROP_351385,2026-05-21 18:14:32.255360,2638044.31,185.91,3,4,14189.9
797,3,15,5,3,391,Funda_PROP_302966,2026-05-21 18:14:32.255360,3982309.21,243.19,8,3,16375.3
798,3,12,5,3,173,Funda_PROP_634572,2026-05-21 18:14:32.255360,3400999.88,419.04,1,3,8116.17
799,3,13,1,3,63,Funda_PROP_582952,2026-05-21 18:14:32.255360,7095997.29,491.03,4,4,14451.25
800,3,15,9,3,249,Funda_PROP_175077,2026-05-21 18:14:32.255360,10000000.0,684.87,1,2,14601.31
801,3,15,4,3,388,Funda_PROP_487779,2026-05-21 18:14:32.255360,9120778.1,665.88,7,4,13697.33
802,3,15,5,3,31,Funda_PROP_395760,2026-05-21 18:14:32.255360,1697921.43,104.37,5,1,16268.29
803,3,11,3,3,397,Funda_PROP_861366,2026-05-21 18:14:32.255360,1977805.67,223.74,4,1,8839.75
804,3,13,4,3,192,Funda_PROP_180031,2026-05-21 18:14:32.255360,5659955.12,606.71,1,2,9328.93
805,3,12,5,3,109,Funda_PROP_773584,2026-05-21 18:14:32.255360,2005049.68,121.4,2,4,16516.06
806,3,14,4,3,163,Funda_PROP_152475,2026-05-21 18:14:32.255360,2986172.48,369.15,5,5,8089.32
807,3,12,9,3,374,Funda_PROP_611751,2026-05-21 18:14:32.255360,5201951.29,384.69,7,5,13522.45
808,3,11,9,3,398,Funda_PROP_149523,2026-05-21 18:14:32.255360,3371408.98,265.61,5,6,12693.08
809,3,14,5,3,399,Funda_PROP_934710,2026-05-21 18:14:32.255360,5031944.57,339.46,4,2,14823.38
810,3,11,3,3,227,Funda_PROP_896700,2026-05-21 18:14:32.255360,9005432.81,478.33,3,3,18826.82
811,3,12,5,3,76,Funda_PROP_149374,2026-05-21 18:14:32.255360,6943050.74,537.34,2,3,12921.15
812,3,13,3,3,124,Funda_PROP_592532,2026-05-21 18:14:32.255360,1052181.44,83.68,1,4,12573.87
813,3,12,3,3,327,Funda_PROP_952224,2026-05-21 18:14:32.255360,3235181.86,201.65,7,1,16043.55
814,3,12,5,3,136,Funda_PROP_726904,2026-05-21 18:14:32.255360,5783012.64,509.53,2,1,11349.7
815,3,14,9,3,64,Funda_PROP_787408,2026-05-21 18:14:32.255360,1887626.83,117.56,2,2,16056.71
816,3,13,3,3,400,Funda_PROP_320046,2026-05-21 18:14:32.255360,1897279.46,179.09,8,3,10594.0
817,3,11,4,3,331,Funda_PROP_644027,2026-05-21 18:14:32.255360,4137619.69,330.25,2,4,12528.75
818,3,14,1,3,178,Funda_PROP_968777,2026-05-21 18:14:32.255360,815041.43,45.67,4,2,17846.32
819,3,11,3,3,127,Funda_PROP_301902,2026-05-21 18:14:32.255360,9186704.96,516.47,2,6,17787.49
820,3,15,3,3,246,Funda_PROP_395750,2026-05-21 18:14:32.255360,8096474.27,659.38,4,5,12278.92
821,3,11,5,3,134,Funda_PROP_452729,2026-05-21 18:14:32.255360,2001659.57,176.49,6,1,11341.49
822,3,13,9,3,192,Funda_PROP_666630,2026-05-21 18:14:32.255360,2171908.92,235.52,2,2,9221.76
823,3,15,3,3,389,Funda_PROP_57452,2026-05-21 18:14:32.255360,10000000.0,687.64,5,1,14542.49
824,3,14,1,3,401,Funda_PROP_931142,2026-05-21 18:14:32.255360,5628196.63,685.38,3,6,8211.79
825,3,15,5,3,260,Funda_PROP_503991,2026-05-21 18:14:32.255360,3052288.65,369.77,7,5,8254.56
826,3,11,1,3,174,Funda_PROP_149511,2026-05-21 18:14:32.255360,6729044.38,538.57,4,6,12494.28
827,3,14,3,3,154,Funda_PROP_434431,2026-05-21 18:14:32.255360,2575799.69,193.31,7,2,13324.71
828,3,13,3,3,213,Funda_PROP_644077,2026-05-21 18:14:32.255360,4371171.61,381.38,5,3,11461.46
829,3,14,1,3,356,Funda_PROP_878521,2026-05-21 18:14:32.255360,4322190.82,393.64,6,2,10980.06
830,3,14,4,3,402,Funda_PROP_614818,2026-05-21 18:14:32.255360,2183088.45,157.06,7,5,13899.71
831,3,14,9,3,403,Funda_PROP_315148,2026-05-21 18:14:32.255360,1841831.64,96.02,3,2,19181.75
832,3,15,9,3,367,Funda_PROP_390068,2026-05-21 18:14:32.255360,2449583.73,242.12,7,6,10117.23
833,3,13,1,3,91,Funda_PROP_795653,2026-05-21 18:14:32.255360,4244731.72,215.79,8,6,19670.66
834,3,12,3,3,318,Funda_PROP_559386,2026-05-21 18:14:32.255360,6617234.46,371.02,8,4,17835.25
835,3,12,9,3,278,Funda_PROP_28850,2026-05-21 18:14:32.255360,5306593.11,539.64,7,4,9833.58
836,3,14,1,3,336,Funda_PROP_420660,2026-05-21 18:14:32.255360,2983823.21,336.65,7,4,8863.28
837,3,12,3,3,404,Funda_PROP_673934,2026-05-21 18:14:32.255360,604955.56,43.53,3,2,13897.44
838,3,12,5,3,92,Funda_PROP_522884,2026-05-21 18:14:32.255360,4463025.4,239.69,6,4,18619.99
839,3,11,5,3,405,Funda_PROP_693267,2026-05-21 18:14:32.255360,8180478.72,671.47,3,2,12182.94
840,3,12,1,3,218,Funda_PROP_380493,2026-05-21 18:14:32.255360,5478666.42,651.13,1,6,8414.09
841,3,13,9,3,241,Funda_PROP_156950,2026-05-21 18:14:32.255360,9904389.89,662.94,3,3,14940.1
842,3,14,9,3,88,Funda_PROP_678252,2026-05-21 18:14:32.255360,4258909.66,299.45,2,1,14222.44
843,3,12,3,3,276,Funda_PROP_302922,2026-05-21 18:14:32.255360,5531076.97,367.93,7,3,15032.96
844,3,12,9,3,321,Funda_PROP_699136,2026-05-21 18:14:32.255360,9787991.04,576.46,2,6,16979.48
845,3,13,9,3,170,Funda_PROP_297358,2026-05-21 18:14:32.255360,1292669.78,99.42,3,4,13002.11
846,3,12,3,3,72,Funda_PROP_833841,2026-05-21 18:14:32.255360,9752727.94,503.19,3,3,19381.8
847,3,15,3,3,69,Funda_PROP_655144,2026-05-21 18:14:32.255360,10000000.0,533.69,3,2,18737.47
848,3,12,5,3,406,Funda_PROP_731784,2026-05-21 18:14:32.255360,772475.18,88.07,2,6,8771.15
849,3,15,3,3,407,Funda_PROP_285135,2026-05-21 18:14:32.255360,660453.51,41.32,8,4,15983.87
850,3,11,9,3,347,Funda_PROP_420227,2026-05-21 18:14:32.255360,3187144.34,284.82,4,5,11190.03
851,3,12,1,3,305,Funda_PROP_116536,2026-05-21 18:14:32.255360,5311863.15,488.44,7,3,10875.16
852,3,12,5,3,133,Funda_PROP_380083,2026-05-21 18:14:32.255360,7323370.39,571.17,1,3,12821.7
853,3,14,9,3,356,Funda_PROP_521059,2026-05-21 18:14:32.255360,8959328.93,667.46,2,5,13423.02
854,3,12,4,3,209,Funda_PROP_309373,2026-05-21 18:14:32.255360,439998.7,37.08,7,6,11866.2
855,3,13,9,3,125,Funda_PROP_827170,2026-05-21 18:14:32.255360,3335837.61,190.32,6,6,17527.52
856,3,12,5,3,141,Funda_PROP_768414,2026-05-21 18:14:32.255360,3281330.57,230.42,2,6,14240.65
857,3,15,9,3,365,Funda_PROP_309800,2026-05-21 18:14:32.255360,4354295.02,235.4,3,4,18497.43
858,3,12,9,3,344,Funda_PROP_480006,2026-05-21 18:14:32.255360,3227797.46,196.83,8,6,16398.91
859,3,12,9,3,328,Funda_PROP_825452,2026-05-21 18:14:32.255360,7469532.1,544.6,3,3,13715.63
860,3,11,3,3,408,Funda_PROP_395227,2026-05-21 18:14:32.255360,9350578.95,614.84,8,1,15208.15
861,3,13,5,3,253,Funda_PROP_864032,2026-05-21 18:14:32.255360,5183447.86,572.62,7,6,9052.16
862,3,13,4,3,222,Funda_PROP_901285,2026-05-21 18:14:32.255360,5225179.7,415.94,4,6,12562.34
863,3,11,1,3,131,Funda_PROP_209363,2026-05-21 18:14:32.255360,7407498.92,598.33,1,5,12380.29
864,3,14,4,3,174,Funda_PROP_458934,2026-05-21 18:14:32.255360,731502.3,41.11,4,1,17793.78
865,3,14,5,3,297,Funda_PROP_490704,2026-05-21 18:14:32.255360,2169499.2,132.0,8,2,16435.6
866,3,13,1,3,23,Funda_PROP_715011,2026-05-21 18:14:32.255360,8910599.93,454.67,2,3,19597.95
867,3,13,3,3,290,Funda_PROP_184285,2026-05-21 18:14:32.255360,5081934.14,500.77,4,6,10148.24
868,3,12,1,3,409,Funda_PROP_94760,2026-05-21 18:14:32.255360,4433470.81,259.38,3,1,17092.57
869,3,11,4,3,143,Funda_PROP_229618,2026-05-21 18:14:32.255360,5955242.46,501.24,5,3,11881.02
870,3,15,9,3,391,Funda_PROP_474348,2026-05-21 18:14:32.255360,7859648.12,418.81,5,4,18766.62
871,3,14,3,3,256,Funda_PROP_287328,2026-05-21 18:14:32.255360,9432275.46,486.08,1,3,19404.78
872,3,14,9,3,345,Funda_PROP_869854,2026-05-21 18:14:32.255360,2440648.72,154.46,2,3,15801.17
873,3,12,3,3,246,Funda_PROP_621891,2026-05-21 18:14:32.255360,1727541.18,114.0,7,2,15153.87
874,3,12,9,3,194,Funda_PROP_661701,2026-05-21 18:14:32.255360,2058108.8,218.02,8,6,9440.0
875,3,11,5,3,157,Funda_PROP_44567,2026-05-21 18:14:32.255360,2207880.91,217.03,4,1,10173.16
876,3,12,1,3,218,Funda_PROP_925428,2026-05-21 18:14:32.255360,789188.66,77.23,3,1,10218.68
877,3,11,5,3,362,Funda_PROP_984028,2026-05-21 18:14:32.255360,5043392.39,536.08,8,1,9407.91
878,3,15,3,3,136,Funda_PROP_775997,2026-05-21 18:14:32.255360,5942750.34,567.34,1,5,10474.76
879,3,11,4,3,229,Funda_PROP_804833,2026-05-21 18:14:32.255360,9979173.71,686.65,5,1,14533.13
880,3,11,3,3,316,Funda_PROP_358457,2026-05-21 18:14:32.255360,7734953.07,473.34,5,1,16341.22
881,3,13,4,3,267,Funda_PROP_654979,2026-05-21 18:14:32.255360,4613712.76,475.64,4,6,9700.01
882,3,14,3,3,364,Funda_PROP_247375,2026-05-21 18:14:32.255360,3203862.56,219.47,4,5,14598.18
883,3,12,3,3,380,Funda_PROP_298635,2026-05-21 18:14:32.255360,6446080.32,663.25,7,4,9718.93
884,3,11,1,3,410,Funda_PROP_122407,2026-05-21 18:14:32.255360,4085298.87,409.82,4,6,9968.52
885,3,14,1,3,8,Funda_PROP_489079,2026-05-21 18:14:32.255360,9720291.07,676.07,7,4,14377.64
886,3,15,5,3,264,Funda_PROP_838310,2026-05-21 18:14:32.255360,5090622.85,276.27,2,3,18426.26
887,3,13,9,3,278,Funda_PROP_136525,2026-05-21 18:14:32.255360,2899097.02,286.79,2,4,10108.78
888,3,13,4,3,328,Funda_PROP_873194,2026-05-21 18:14:32.255360,7657031.68,500.8,8,1,15289.6
889,3,11,3,3,199,Funda_PROP_988570,2026-05-21 18:14:32.255360,3804135.46,264.54,6,4,14380.19
890,3,12,5,3,289,Funda_PROP_244933,2026-05-21 18:14:32.255360,4774730.23,491.63,3,3,9712.04
891,3,13,9,3,114,Funda_PROP_234509,2026-05-21 18:14:32.255360,6448147.4,486.01,6,6,13267.52
892,3,12,4,3,377,Funda_PROP_514641,2026-05-21 18:14:32.255360,4096058.8,381.2,5,3,10745.17
893,3,11,1,3,374,Funda_PROP_749375,2026-05-21 18:14:32.255360,4170032.62,457.06,7,3,9123.6
894,3,11,9,3,275,Funda_PROP_592755,2026-05-21 18:14:32.255360,9232025.22,572.55,5,5,16124.4
895,3,14,5,3,235,Funda_PROP_472350,2026-05-21 18:14:32.255360,5163955.69,304.64,8,5,16951.01
896,3,12,4,3,261,Funda_PROP_117494,2026-05-21 18:14:32.255360,8156153.31,438.9,6,2,18583.17
897,3,14,3,3,411,Funda_PROP_692780,2026-05-21 18:14:32.255360,4726006.12,376.6,2,3,12549.14
898,3,11,1,3,412,Funda_PROP_452171,2026-05-21 18:14:32.255360,1829229.73,227.89,4,5,8026.81
899,3,15,5,3,190,Funda_PROP_251029,2026-05-21 18:14:32.255360,5709738.22,657.05,4,3,8689.96
900,3,15,5,3,304,Funda_PROP_913450,2026-05-21 18:14:32.255360,1362765.37,106.26,6,3,12824.82
901,3,11,5,3,190,Funda_PROP_937254,2026-05-21 18:14:32.255360,7333635.37,386.85,8,2,18957.31
902,3,14,1,3,370,Funda_PROP_619759,2026-05-21 18:14:32.255360,4098989.95,283.92,4,4,14437.13
903,3,11,5,3,357,Funda_PROP_620109,2026-05-21 18:14:32.255360,4984892.98,270.24,8,2,18446.17
904,3,11,3,3,357,Funda_PROP_577777,2026-05-21 18:14:32.255360,2951025.54,297.37,5,1,9923.75
905,3,12,1,3,413,Funda_PROP_209846,2026-05-21 18:14:32.255360,4769335.88,400.83,2,4,11898.65
906,3,12,4,3,231,Funda_PROP_382300,2026-05-21 18:14:32.255360,8149292.28,671.86,7,2,12129.45
907,3,14,9,3,50,Funda_PROP_123944,2026-05-21 18:14:32.255360,5547466.96,323.83,6,4,17130.8
908,3,15,3,3,410,Funda_PROP_939023,2026-05-21 18:14:32.255360,5976270.38,544.87,3,2,10968.25
909,3,12,3,3,1,Funda_PROP_937979,2026-05-21 18:14:32.255360,9980397.38,501.26,8,6,19910.62
910,3,14,3,3,339,Funda_PROP_44937,2026-05-21 18:14:32.255360,793627.38,60.51,2,2,13115.64
911,3,14,9,3,256,Funda_PROP_282788,2026-05-21 18:14:32.255360,4095111.94,384.11,1,4,10661.3
912,3,12,9,3,268,Funda_PROP_671359,2026-05-21 18:14:32.255360,2898587.03,237.35,7,6,12212.29
913,3,14,1,3,368,Funda_PROP_852068,2026-05-21 18:14:32.255360,403945.57,35.36,1,2,11423.8
914,3,15,9,3,231,Funda_PROP_113434,2026-05-21 18:14:32.255360,6099026.35,665.64,7,2,9162.65
915,3,15,3,3,86,Funda_PROP_233590,2026-05-21 18:14:32.255360,5744969.82,529.05,6,3,10859.03
916,3,14,4,3,249,Funda_PROP_321184,2026-05-21 18:14:32.255360,1831267.37,121.77,7,1,15038.74
917,3,14,3,3,67,Funda_PROP_285346,2026-05-21 18:14:32.255360,9053585.2,661.31,8,1,13690.38
918,3,14,4,3,96,Funda_PROP_547894,2026-05-21 18:14:32.255360,3009925.75,162.48,3,1,18524.9
919,3,15,1,3,183,Funda_PROP_864409,2026-05-21 18:14:32.255360,10000000.0,640.71,6,4,15607.69
920,3,11,3,3,144,Funda_PROP_422447,2026-05-21 18:14:32.255360,4477214.84,227.62,5,6,19669.69
921,3,12,5,3,369,Funda_PROP_620563,2026-05-21 18:14:32.255360,6843587.8,534.23,2,2,12810.19
922,3,14,3,3,183,Funda_PROP_279619,2026-05-21 18:14:32.255360,6068334.56,428.75,1,2,14153.55
923,3,15,1,3,108,Funda_PROP_797924,2026-05-21 18:14:32.255360,4324873.63,505.99,5,2,8547.35
924,3,13,9,3,398,Funda_PROP_370909,2026-05-21 18:14:32.255360,2360683.4,214.84,3,3,10988.1
925,3,14,4,3,247,Funda_PROP_11356,2026-05-21 18:14:32.255360,8821624.85,455.73,2,1,19357.13
926,3,15,1,3,301,Funda_PROP_501029,2026-05-21 18:14:32.255360,4487535.72,250.88,3,4,17887.18
927,3,13,3,3,226,Funda_PROP_822440,2026-05-21 18:14:32.255360,5716268.81,515.53,5,1,11088.14
928,3,15,4,3,414,Funda_PROP_379106,2026-05-21 18:14:32.255360,4586193.16,250.63,4,4,18298.66
929,3,14,5,3,175,Funda_PROP_495269,2026-05-21 18:14:32.255360,2851411.52,280.15,4,6,10178.16
930,3,14,3,3,399,Funda_PROP_425707,2026-05-21 18:14:32.255360,4718140.32,465.63,8,6,10132.81
931,3,15,3,3,101,Funda_PROP_110965,2026-05-21 18:14:32.255360,4087012.43,318.55,2,2,12830.05
932,3,15,3,3,408,Funda_PROP_48177,2026-05-21 18:14:32.255360,4913122.89,286.29,1,5,17161.35
933,3,11,3,3,415,Funda_PROP_741683,2026-05-21 18:14:32.255360,2544583.45,129.85,4,1,19596.33
934,3,11,4,3,197,Funda_PROP_891877,2026-05-21 18:14:32.255360,2260292.02,169.54,6,6,13331.91
935,3,13,1,3,100,Funda_PROP_985247,2026-05-21 18:14:32.255360,683853.83,72.16,8,2,9476.91
936,3,11,9,3,375,Funda_PROP_642059,2026-05-21 18:14:32.255360,1697406.47,129.32,5,1,13125.63
937,3,13,1,3,167,Funda_PROP_810180,2026-05-21 18:14:32.255360,6835539.65,491.7,4,6,13901.85
938,3,14,9,3,416,Funda_PROP_929017,2026-05-21 18:14:32.255360,8461462.05,444.44,5,3,19038.48
939,3,11,4,3,191,Funda_PROP_937003,2026-05-21 18:14:32.255360,3801169.71,387.77,3,2,9802.64
940,3,13,4,3,352,Funda_PROP_760184,2026-05-21 18:14:32.255360,2407865.9,215.28,5,3,11184.81
941,3,11,9,3,70,Funda_PROP_792598,2026-05-21 18:14:32.255360,4321261.6,247.97,3,6,17426.55
942,3,11,9,3,283,Funda_PROP_689243,2026-05-21 18:14:32.255360,2258007.1,131.2,7,6,17210.42
943,3,13,5,3,92,Funda_PROP_530940,2026-05-21 18:14:32.255360,8410929.14,435.16,7,4,19328.36
944,3,14,5,3,194,Funda_PROP_635113,2026-05-21 18:14:32.255360,4232123.98,393.27,7,5,10761.37
945,3,15,5,3,48,Funda_PROP_828145,2026-05-21 18:14:32.255360,1570601.6,191.4,4,6,8205.86
946,3,12,3,3,123,Funda_PROP_699015,2026-05-21 18:14:32.255360,2659562.08,274.97,2,1,9672.19
947,3,14,4,3,262,Funda_PROP_806616,2026-05-21 18:14:32.255360,10000000.0,585.5,7,2,17079.42
948,3,14,5,3,317,Funda_PROP_49058,2026-05-21 18:14:32.255360,2507148.17,282.17,1,6,8885.24
949,3,15,3,3,165,Funda_PROP_293206,2026-05-21 18:14:32.255360,2317595.14,128.95,1,2,17972.82
950,3,14,3,3,164,Funda_PROP_642022,2026-05-21 18:14:32.255360,6889499.39,532.49,8,6,12938.27
951,3,12,9,3,136,Funda_PROP_888075,2026-05-21 18:14:32.255360,755213.7,74.9,5,1,10082.96
952,3,11,5,3,405,Funda_PROP_476206,2026-05-21 18:14:32.255360,5658206.87,403.51,7,6,14022.47
953,3,14,5,3,302,Funda_PROP_935037,2026-05-21 18:14:32.255360,4025076.87,381.8,3,3,10542.37
954,3,11,3,3,296,Funda_PROP_888046,2026-05-21 18:14:32.255360,9076311.85,578.01,7,2,15702.69
955,3,12,3,3,224,Funda_PROP_945950,2026-05-21 18:14:32.255360,2506697.06,164.5,1,3,15238.28
956,3,13,9,3,233,Funda_PROP_24544,2026-05-21 18:14:32.255360,6748303.66,395.14,4,3,17078.26
957,3,14,4,3,271,Funda_PROP_815489,2026-05-21 18:14:32.255360,1663468.62,194.82,4,6,8538.49
958,3,12,9,3,91,Funda_PROP_241042,2026-05-21 18:14:32.255360,7544302.66,662.43,1,3,11388.83
959,3,15,3,3,417,Funda_PROP_131578,2026-05-21 18:14:32.255360,8797095.42,682.61,6,4,12887.44
960,3,15,9,3,94,Funda_PROP_307295,2026-05-21 18:14:32.255360,3498696.26,352.17,3,1,9934.68
961,3,12,9,3,136,Funda_PROP_123703,2026-05-21 18:14:32.255360,10000000.0,623.13,2,6,16048.02
962,3,15,4,3,49,Funda_PROP_242297,2026-05-21 18:14:32.255360,3430340.07,260.45,6,4,13170.82
963,3,12,3,3,366,Funda_PROP_331941,2026-05-21 18:14:32.255360,6162214.15,672.08,4,5,9168.87
964,3,14,1,3,5,Funda_PROP_855959,2026-05-21 18:14:32.255360,2975613.85,337.45,2,4,8817.94
965,3,13,1,3,361,Funda_PROP_644012,2026-05-21 18:14:32.255360,10000000.0,507.59,2,1,19700.94
966,3,12,3,3,130,Funda_PROP_977716,2026-05-21 18:14:32.255360,1121358.33,61.33,2,5,18284.01
967,3,14,5,3,418,Funda_PROP_560670,2026-05-21 18:14:32.255360,3162139.16,283.5,6,5,11153.93
968,3,11,4,3,200,Funda_PROP_622378,2026-05-21 18:14:32.255360,4634846.98,500.33,1,6,9263.58
969,3,14,4,3,419,Funda_PROP_699173,2026-05-21 18:14:32.255360,3984335.68,293.17,7,1,13590.53
970,3,15,5,3,270,Funda_PROP_802332,2026-05-21 18:14:32.255360,8981738.32,521.63,2,1,17218.6
971,3,12,1,3,217,Funda_PROP_657892,2026-05-21 18:14:32.255360,9567737.33,697.63,2,3,13714.63
972,3,12,9,3,6,Funda_PROP_922923,2026-05-21 18:14:32.255360,7009205.37,460.74,3,4,15212.93
973,3,11,1,3,61,Funda_PROP_779967,2026-05-21 18:14:32.255360,1149840.1,70.96,7,4,16204.06
974,3,13,3,3,268,Funda_PROP_55184,2026-05-21 18:14:32.255360,2913512.41,217.15,2,2,13417.05
975,3,15,3,3,76,Funda_PROP_650845,2026-05-21 18:14:32.255360,1643666.47,96.47,5,2,17038.11
976,3,14,1,3,249,Funda_PROP_473676,2026-05-21 18:14:32.255360,5178847.87,391.11,7,4,13241.41
977,3,15,5,3,271,Funda_PROP_14772,2026-05-21 18:14:32.255360,1030886.68,86.74,1,5,11884.79
978,3,13,9,3,420,Funda_PROP_952300,2026-05-21 18:14:32.255360,5906145.13,367.13,3,4,16087.34
979,3,15,9,3,88,Funda_PROP_41338,2026-05-21 18:14:32.255360,7794271.58,459.88,8,2,16948.49
980,3,12,4,3,168,Funda_PROP_435165,2026-05-21 18:14:32.255360,2887479.66,178.73,3,5,16155.54
981,3,11,1,3,57,Funda_PROP_890190,2026-05-21 18:14:32.255360,10000000.0,631.28,6,1,15840.83
982,3,12,5,3,288,Funda_PROP_700254,2026-05-21 18:14:32.255360,7046405.34,585.74,7,3,12029.92
983,3,14,5,3,45,Funda_PROP_251203,2026-05-21 18:14:32.255360,4597600.48,402.58,7,3,11420.34
